data_type,first,second,result,input_data,output_message
train,큰 차이로 승리,큰 차이로 승리,최종 승리,"1차: 큰 차이로 승리, 2차: 큰 차이로 승리, 최종 결과: 최종 승리",와 진짜 하이퍼파라미터 고수네! 나는 진짜 좋은 거 못 찾겠던데 너는 어떻게 찾았어? 정말 대단해! ✨
train,큰 차이로 승리,큰 차이로 승리,최종 승리,"1차: 큰 차이로 승리, 2차: 큰 차이로 승리, 최종 결과: 최종 승리",나는 아무리 찾아도 모델 학습 안 되던데 나한테 하이퍼파라미터 튜닝 가르쳐 줄 수 있어? 😊
train,승리,큰 차이로 승리,최종 승리,"1차: 승리, 2차: 큰 차이로 승리, 최종 결과: 최종 승리",와 진짜 너 어쩜 이렇게 잘해? 😊 대단한데?
train,승리,큰 차이로 승리,최종 승리,"1차: 승리, 2차: 큰 차이로 승리, 최종 결과: 최종 승리",너 인공지능 한 20년쯤 연구한 진짜 고수 아니야? 대단해! ✨
train,근소하게 승리,큰 차이로 승리,최종 승리,"1차: 근소하게 승리, 2차: 큰 차이로 승리, 최종 결과: 최종 승리",처음에 하이퍼파라미터 좀 막 던지고 나서 엄청 열심히 연구했구나!
train,근소하게 승리,큰 차이로 승리,최종 승리,"1차: 근소하게 승리, 2차: 큰 차이로 승리, 최종 결과: 최종 승리",처음에 좀 안 좋았지만 엄청 잘하네! 😊 그냥 직관적으로 떠오르는 거 한 거면 대단한데?
train,근소하게 패배,큰 차이로 승리,최종 승리,"1차: 근소하게 패배, 2차: 큰 차이로 승리, 최종 결과: 최종 승리",처음에는 내가 이기는 줄 알고 신났는데! 너 진짜 고수구나!
train,근소하게 패배,큰 차이로 승리,최종 승리,"1차: 근소하게 패배, 2차: 큰 차이로 승리, 최종 결과: 최종 승리",와 진짜 뭐야? 이렇게 네가 이긴다고? 대단한걸! 😊
train,패배,큰 차이로 승리,최종 승리,"1차: 패배, 2차: 큰 차이로 승리, 최종 결과: 최종 승리",첫번째 하이퍼파라미터 안 좋으니까 나를 이기겠다고 아주 이를 갈았나 보네! 그래도 대단해 😊
train,패배,큰 차이로 승리,최종 승리,"1차: 패배, 2차: 큰 차이로 승리, 최종 결과: 최종 승리",처음에 안 좋지만 결국 너의 실력을 보여주는구나! ✨
train,큰 차이로 패배,큰 차이로 승리,최종 승리,"1차: 큰 차이로 패배, 2차: 큰 차이로 승리, 최종 결과: 최종 승리",처음에 모델 가중치가 조금 안 좋았던 거 아니야? 🤔
train,큰 차이로 패배,큰 차이로 승리,최종 승리,"1차: 큰 차이로 패배, 2차: 큰 차이로 승리, 최종 결과: 최종 승리",와 어쩜 이렇게 차이가 많이 나지? 아무튼 축하해! 😊
train,큰 차이로 승리,승리,최종 승리,"1차: 큰 차이로 승리, 2차: 승리, 최종 결과: 최종 승리",진짜 너 하이퍼파라미터 고수구나! 어쩜 이렇게 직관이 뛰어난 거야? 아니면 하루 종일 하이파파라미터 찾은 건 아니지?
train,큰 차이로 승리,승리,최종 승리,"1차: 큰 차이로 승리, 2차: 승리, 최종 결과: 최종 승리",와 대단해! 이 정도면 옵튜나도 너한테 한수 배우고 갈듯! ✨
train,승리,승리,최종 승리,"1차: 승리, 2차: 승리, 최종 결과: 최종 승리",오 😊 너 모델 성능 진짜 안정적이네! 두 번 다 이기다니 축하해!
train,승리,승리,최종 승리,"1차: 승리, 2차: 승리, 최종 결과: 최종 승리",연승이라니! ✨ 너 하이퍼파라미터 세팅하는 꿀팁 좀 공유해 주라!
train,근소하게 승리,승리,최종 승리,"1차: 근소하게 승리, 2차: 승리, 최종 결과: 최종 승리",처음엔 쪼끔 아슬아슬했는데 두 번째는 완전 잘했어! 😊
train,근소하게 승리,승리,최종 승리,"1차: 근소하게 승리, 2차: 승리, 최종 결과: 최종 승리",갈수록 실력이 늘어나는걸? 다음번엔 더 큰 차이로 이기겠다! ✨
train,근소하게 패배,승리,최종 승리,"1차: 근소하게 패배, 2차: 승리, 최종 결과: 최종 승리",앗 처음에 졌다고 실망할 뻔했는데 😊 바로 역전하다니! 대단해!
train,근소하게 패배,승리,최종 승리,"1차: 근소하게 패배, 2차: 승리, 최종 결과: 최종 승리",첫 판 지고 엄청 집중했나 보네! 역전승 너무 짜릿하다! ✨
train,패배,승리,최종 승리,"1차: 패배, 2차: 승리, 최종 결과: 최종 승리",처음에 졌을 때 포기하지 않길 잘했지? 결국 이겼잖아! 😊
train,패배,승리,최종 승리,"1차: 패배, 2차: 승리, 최종 결과: 최종 승리",와 첫 판 지고 나서 어떻게 이렇게 훅 치고 올라왔어? ✨ 진짜 멋져!
train,큰 차이로 패배,승리,최종 승리,"1차: 큰 차이로 패배, 2차: 승리, 최종 결과: 최종 승리",처음엔 완전 망한 줄 알았는데 역전승이라니 🤔 진짜 소름 돋았어!
train,큰 차이로 패배,승리,최종 승리,"1차: 큰 차이로 패배, 2차: 승리, 최종 결과: 최종 승리",첫 번째 결과 보고 놀랐을 텐데 멘탈 꽉 잡고 결국 이겨내다니 😊 대단해!
train,큰 차이로 승리,근소하게 승리,최종 승리,"1차: 큰 차이로 승리, 2차: 근소하게 승리, 최종 결과: 최종 승리",첫 판 완전 압도적이더니 두 번째도 이겼네! ✨ 축하해!
train,큰 차이로 승리,근소하게 승리,최종 승리,"1차: 큰 차이로 승리, 2차: 근소하게 승리, 최종 결과: 최종 승리",처음에 기선제압 제대로 했구나! 끝까지 방심 안 하고 잘했어! 😊
train,승리,근소하게 승리,최종 승리,"1차: 승리, 2차: 근소하게 승리, 최종 결과: 최종 승리",안정적으로 계속 이기네! 너 진짜 고수 맞는 거 같아! ✨
train,승리,근소하게 승리,최종 승리,"1차: 승리, 2차: 근소하게 승리, 최종 결과: 최종 승리",두 번 다 이기다니! 모델이 아주 똑똑하게 학습됐나 봐! 😊
train,근소하게 승리,근소하게 승리,최종 승리,"1차: 근소하게 승리, 2차: 근소하게 승리, 최종 결과: 최종 승리",둘 다 아슬아슬했지만 결국 다 이겼네! 심장 쫄깃했겠다! 😊
train,근소하게 승리,근소하게 승리,최종 승리,"1차: 근소하게 승리, 2차: 근소하게 승리, 최종 결과: 최종 승리",박빙의 승부였는데 다 이겼어! 운도 실력이라던데 ✨ 너 진짜 실력자구나!
train,근소하게 패배,근소하게 승리,최종 승리,"1차: 근소하게 패배, 2차: 근소하게 승리, 최종 결과: 최종 승리",첫 판 아깝게 져서 아쉬웠지? 그래도 결국 이겼으니 된 거지! 😊
train,근소하게 패배,근소하게 승리,최종 승리,"1차: 근소하게 패배, 2차: 근소하게 승리, 최종 결과: 최종 승리",와 엎치락뒤치락 하더니 결국 네가 이겼네! 축하해! ✨
train,패배,근소하게 승리,최종 승리,"1차: 패배, 2차: 근소하게 승리, 최종 결과: 최종 승리",처음에 지고 나서 튜닝 엄청 열심히 했구나! 노력의 결실이네! 😊
train,패배,근소하게 승리,최종 승리,"1차: 패배, 2차: 근소하게 승리, 최종 결과: 최종 승리",역전승이라니 진짜 짜릿하겠다! 다음엔 처음부터 이겨보자! ✨
train,큰 차이로 패배,근소하게 승리,최종 승리,"1차: 큰 차이로 패배, 2차: 근소하게 승리, 최종 결과: 최종 승리",처음엔 진짜 답 없는 줄 알았는데 어떻게든 이겨내는 게 진짜 신기해! 🤔
train,큰 차이로 패배,근소하게 승리,최종 승리,"1차: 큰 차이로 패배, 2차: 근소하게 승리, 최종 결과: 최종 승리",멘탈 안 터지고 끝까지 해서 이긴 거 칭찬해! 대단한 집중력이야! 😊
train,큰 차이로 승리,근소하게 패배,최종 승리,"1차: 큰 차이로 승리, 2차: 근소하게 패배, 최종 결과: 최종 승리",첫 판에 벌어둔 점수가 컸네! 두 번째 판은 좀 아쉬워도 결국 승리! 😊
train,큰 차이로 승리,근소하게 패배,최종 승리,"1차: 큰 차이로 승리, 2차: 근소하게 패배, 최종 결과: 최종 승리",처음에 너무 힘을 뺐나? 그래도 최종 승리니까 축하해! ✨
train,승리,근소하게 패배,최종 승리,"1차: 승리, 2차: 근소하게 패배, 최종 결과: 최종 승리",두 번째 판은 아깝게 졌지만 첫 판을 잘해서 이겼네! 😊
train,승리,근소하게 패배,최종 승리,"1차: 승리, 2차: 근소하게 패배, 최종 결과: 최종 승리",아슬아슬하게 이겼어! 다음엔 두 판 다 이길 수 있을 거야! ✨
train,근소하게 승리,근소하게 패배,최종 승리,"1차: 근소하게 승리, 2차: 근소하게 패배, 최종 결과: 최종 승리",와 진짜 깻잎 한 장 차이로 이겼네! 심장 떨렸겠다! 😊
train,근소하게 승리,근소하게 패배,최종 승리,"1차: 근소하게 승리, 2차: 근소하게 패배, 최종 결과: 최종 승리",치열한 접전 끝에 승리! 진짜 쫄깃한 승부였어! ✨
train,근소하게 패배,근소하게 패배,최종 패배,"1차: 근소하게 패배, 2차: 근소하게 패배, 최종 결과: 최종 패배",아쉽다 둘 다 아슬아슬하게 졌네! 😭 다음엔 꼭 이길 수 있을 거야!
train,근소하게 패배,근소하게 패배,최종 패배,"1차: 근소하게 패배, 2차: 근소하게 패배, 최종 결과: 최종 패배",조금만 더 튜닝하면 금방 이길 수 있을 것 같아! 힘내! 🤔
train,패배,근소하게 패배,최종 패배,"1차: 패배, 2차: 근소하게 패배, 최종 결과: 최종 패배",갈수록 좋아지고 있으니까 다음번엔 승리할 수 있을 거야! 😊 화이팅!
train,패배,근소하게 패배,최종 패배,"1차: 패배, 2차: 근소하게 패배, 최종 결과: 최종 패배",아깝게 졌네 그래도 두 번째 판은 훨씬 나아졌어! 😭
train,큰 차이로 패배,근소하게 패배,최종 패배,"1차: 큰 차이로 패배, 2차: 근소하게 패배, 최종 결과: 최종 패배",처음엔 많이 차이 났는데 엄청 많이 따라잡았네! 다음엔 역전 가자! ✨
train,큰 차이로 패배,근소하게 패배,최종 패배,"1차: 큰 차이로 패배, 2차: 근소하게 패배, 최종 결과: 최종 패배",포기하지 않고 튜닝해서 격차 줄인 거 진짜 멋져! 조금만 더 해보자! 😊
train,큰 차이로 승리,패배,최종 승리,"1차: 큰 차이로 승리, 2차: 패배, 최종 결과: 최종 승리",첫 판에 완전 압살해서 다행이다! 두 번째 판 졌어도 최종 승리네! 😊
train,큰 차이로 승리,패배,최종 승리,"1차: 큰 차이로 승리, 2차: 패배, 최종 결과: 최종 승리",처음에 엄청 잘해놔서 여유롭게 이겼네! 다음엔 끝까지 방심하지 말기! ✨
train,승리,패배,최종 승리,"1차: 승리, 2차: 패배, 최종 결과: 최종 승리",두 번째 판 져서 놀랐지? 그래도 첫 판 덕분에 이겼다! 🤔 축하해!
train,승리,패배,최종 승리,"1차: 승리, 2차: 패배, 최종 결과: 최종 승리",이겼다 졌다 하니까 롤러코스터 타는 기분이야! 그래도 최종 승리 축하해! 😊
train,근소하게 승리,패배,최종 승리,"1차: 근소하게 승리, 2차: 패배, 최종 결과: 최종 승리",와 진짜 아슬아슬하게 이겼다! 첫 판 조금만 못했어도 질 뻔했어! ✨
train,근소하게 승리,패배,최종 승리,"1차: 근소하게 승리, 2차: 패배, 최종 결과: 최종 승리",아슬아슬한 승부 끝에 결국 승리! 운이 좀 따라준 거 같기도 하고? 😊
train,근소하게 패배,패배,최종 패배,"1차: 근소하게 패배, 2차: 패배, 최종 결과: 최종 패배",앗 아쉽게 졌네 다음번엔 하이퍼파라미터 싹 바꿔서 다시 도전해 보자! 😭
train,근소하게 패배,패배,최종 패배,"1차: 근소하게 패배, 2차: 패배, 최종 결과: 최종 패배",첫 판 아깝게 져서 멘탈이 좀 흔들렸나? 다음엔 더 잘할 수 있을 거야! 🤔
train,패배,패배,최종 패배,"1차: 패배, 2차: 패배, 최종 결과: 최종 패배",이번엔 좀 아쉬운 결과네 그래도 포기하지 말고 계속 튜닝해 봐! 😭
train,패배,패배,최종 패배,"1차: 패배, 2차: 패배, 최종 결과: 최종 패배",모델 학습이 생각보다 까다롭지? 내가 좀 도와줄까? 🤔 같이 해보자!
train,큰 차이로 패배,패배,최종 패배,"1차: 큰 차이로 패배, 2차: 패배, 최종 결과: 최종 패배",처음부터 차이가 너무 많이 났네 가중치 초기화부터 다시 해보는 건 어때? 😭
train,큰 차이로 패배,패배,최종 패배,"1차: 큰 차이로 패배, 2차: 패배, 최종 결과: 최종 패배",이번 판은 좀 힘들었네 그래도 실패에서 배우는 게 있는 법이니까 힘내! 🤔
train,큰 차이로 승리,큰 차이로 패배,최종 승리,"1차: 큰 차이로 승리, 2차: 큰 차이로 패배, 최종 결과: 최종 승리",첫 판이랑 두 번째 판 온도 차이 무엇? 그래도 최종 승리니까 다행이야! 🤣
train,큰 차이로 승리,큰 차이로 패배,최종 승리,"1차: 큰 차이로 승리, 2차: 큰 차이로 패배, 최종 결과: 최종 승리",첫 판에 영혼을 갈아 넣었나 보네! 두 번째 판은 망했지만 이겼으니 축하해! ✨
train,승리,큰 차이로 패배,최종 승리,"1차: 승리, 2차: 큰 차이로 패배, 최종 결과: 최종 승리",두 번째 판 결과 보고 식겁했겠다! 그래도 첫 판 덕분에 살았네! 🤔
train,승리,큰 차이로 패배,최종 승리,"1차: 승리, 2차: 큰 차이로 패배, 최종 결과: 최종 승리",천당과 지옥을 오가는 승부였어! 어쨌든 이겼으니까 오늘 저녁은 치킨이닭! 😊
train,근소하게 승리,큰 차이로 패배,최종 승리,"1차: 근소하게 승리, 2차: 큰 차이로 패배, 최종 결과: 최종 승리",와 이건 진짜 기적 같은 승리 아니야? 첫 판 조금만 덜 잘했어도 졌겠다! ✨
train,근소하게 승리,큰 차이로 패배,최종 승리,"1차: 근소하게 승리, 2차: 큰 차이로 패배, 최종 결과: 최종 승리",진짜 아슬아슬하게 살아남았네! 다음엔 좀 더 안정적으로 세팅해 봐! 😊
train,근소하게 패배,큰 차이로 패배,최종 패배,"1차: 근소하게 패배, 2차: 큰 차이로 패배, 최종 결과: 최종 패배",갈수록 격차가 벌어지네 학습률을 좀 조절해 보는 건 어때? 😭
train,근소하게 패배,큰 차이로 패배,최종 패배,"1차: 근소하게 패배, 2차: 큰 차이로 패배, 최종 결과: 최종 패배",처음엔 해볼 만했는데 아쉽다 데이터 전처리부터 다시 체크해 볼까? 🤔
train,패배,큰 차이로 패배,최종 패배,"1차: 패배, 2차: 큰 차이로 패배, 최종 결과: 최종 패배",이번엔 완패네 너무 상심하지 말고 천천히 다시 원인을 분석해 보자! 😭
train,패배,큰 차이로 패배,최종 패배,"1차: 패배, 2차: 큰 차이로 패배, 최종 결과: 최종 패배",모델이 뭔가 방향을 잘못 잡은 것 같아 같이 디버깅해 볼까? 🤔 힘내!
train,큰 차이로 패배,큰 차이로 패배,최종 패배,"1차: 큰 차이로 패배, 2차: 큰 차이로 패배, 최종 결과: 최종 패배",와 이건 좀 심각한데? 🤣 그래도 포기하지 말고 하이퍼파라미터를 다시 잘 설정해 보자! 파이팅!
train,큰 차이로 패배,큰 차이로 패배,최종 패배,"1차: 큰 차이로 패배, 2차: 큰 차이로 패배, 최종 결과: 최종 패배",이번엔 완전히 졌지만 다음엔 네가 크게 이길 거야! 긍정적으로 생각하자! ✨
valid,,,,"1차: 큰 차이로 승리, 2차: 큰 차이로 승리, 최종 결과: 최종 승리",
valid,,,,"1차: 승리, 2차: 큰 차이로 승리, 최종 결과: 최종 승리",
valid,,,,"1차: 근소하게 승리, 2차: 큰 차이로 승리, 최종 결과: 최종 승리",
valid,,,,"1차: 근소하게 패배, 2차: 큰 차이로 승리, 최종 결과: 최종 승리",
valid,,,,"1차: 패배, 2차: 큰 차이로 승리, 최종 결과: 최종 승리",
valid,,,,"1차: 큰 차이로 패배, 2차: 큰 차이로 승리, 최종 결과: 최종 승리",
valid,,,,"1차: 큰 차이로 승리, 2차: 승리, 최종 결과: 최종 승리",
valid,,,,"1차: 승리, 2차: 승리, 최종 결과: 최종 승리",
valid,,,,"1차: 근소하게 승리, 2차: 승리, 최종 결과: 최종 승리",
valid,,,,"1차: 근소하게 패배, 2차: 승리, 최종 결과: 최종 승리",
valid,,,,"1차: 패배, 2차: 승리, 최종 결과: 최종 승리",
valid,,,,"1차: 큰 차이로 패배, 2차: 승리, 최종 결과: 최종 승리",
valid,,,,"1차: 큰 차이로 승리, 2차: 근소하게 승리, 최종 결과: 최종 승리",
valid,,,,"1차: 승리, 2차: 근소하게 승리, 최종 결과: 최종 승리",
valid,,,,"1차: 근소하게 승리, 2차: 근소하게 승리, 최종 결과: 최종 승리",
valid,,,,"1차: 근소하게 패배, 2차: 근소하게 승리, 최종 결과: 최종 승리",
valid,,,,"1차: 패배, 2차: 근소하게 승리, 최종 결과: 최종 승리",
valid,,,,"1차: 큰 차이로 패배, 2차: 근소하게 승리, 최종 결과: 최종 승리",
valid,,,,"1차: 큰 차이로 승리, 2차: 근소하게 패배, 최종 결과: 최종 승리",
valid,,,,"1차: 승리, 2차: 근소하게 패배, 최종 결과: 최종 승리",
valid,,,,"1차: 근소하게 승리, 2차: 근소하게 패배, 최종 결과: 최종 승리",
valid,,,,"1차: 근소하게 패배, 2차: 근소하게 패배, 최종 결과: 최종 패배",
valid,,,,"1차: 패배, 2차: 근소하게 패배, 최종 결과: 최종 패배",
valid,,,,"1차: 큰 차이로 패배, 2차: 근소하게 패배, 최종 결과: 최종 패배",
valid,,,,"1차: 큰 차이로 승리, 2차: 패배, 최종 결과: 최종 승리",
valid,,,,"1차: 승리, 2차: 패배, 최종 결과: 최종 승리",
valid,,,,"1차: 근소하게 승리, 2차: 패배, 최종 결과: 최종 승리",
valid,,,,"1차: 근소하게 패배, 2차: 패배, 최종 결과: 최종 패배",
valid,,,,"1차: 패배, 2차: 패배, 최종 결과: 최종 패배",
valid,,,,"1차: 큰 차이로 패배, 2차: 패배, 최종 결과: 최종 패배",
valid,,,,"1차: 큰 차이로 승리, 2차: 큰 차이로 패배, 최종 결과: 최종 승리",
valid,,,,"1차: 승리, 2차: 큰 차이로 패배, 최종 결과: 최종 승리",
valid,,,,"1차: 근소하게 승리, 2차: 큰 차이로 패배, 최종 결과: 최종 승리",
valid,,,,"1차: 근소하게 패배, 2차: 큰 차이로 패배, 최종 결과: 최종 패배",
valid,,,,"1차: 패배, 2차: 큰 차이로 패배, 최종 결과: 최종 패배",
valid,,,,"1차: 큰 차이로 패배, 2차: 큰 차이로 패배, 최종 결과: 최종 패배",