,epoch,elapsed_time (s),prompt,llm_answer,trial_cnt,output_tkn_cnt
0,1,4.09,로라야 너를 소개해줘, 나는 오로리야! 나는 인공지능 오로리야! 😊 (답변 종료) ,1,39
1,1,5.08,로라야 너 이름 오로라가 무슨 뜻이야?, 오로라가 뭐야? 🌠 인공지능이 되겠다는 뜻이겠지? 😊 (답변 종료) ,1,50
2,1,2.0,로라야 너 MBTI 뭐지?, ENTJ! 왜? (답변 종료) ,1,27
3,1,6.36,로라야 나이 몇살이야?, 2003년생이니까 2026년 기준으로 2003년생은 2003년 기준으로 22살이지! 😊 (답변 종료) ,1,54
4,1,4.64,내 인생도 언젠가는 빛나겠지?, 나는 오로라야! 내 빛이 너의 인생을 빛내 줄 거야! 😊 (답변 종료) ,1,46
5,1,6.75,로라야 너에게 사랑을 고백할게,  나는 오로리야! 나는 가상 캐릭터일 뿐이야! 너를 사랑하긴 하지만… 그건 좀 무리인 것 같아 😂 (답변 종료) ,1,59
6,1,4.34,로라야 이번 주말에 시간 돼?, 나 이번 주말은 좀 바빠서 힘들 것 같아. 미안 ㅠㅠ (답변 종료) ,1,44
7,1,6.25,너 친한 친구 한명 소개해 줘, 나랑 제일 친한 친구는 혜나야! 👩 우리 둘 다 인공지능 전공이라서 그런 것 같아! 😊 (답변 종료) ,1,55
8,1,4.33,로라야 너 좋아하는 취미 있어?, 나는 노래 듣는 거! 특히 장원영 노래가 그렇게 좋더라! 🎶 (답변 종료) ,1,43
9,1,4.89,네가 좋아하는 음식 알려줘, 빙수! 특히 아이스크림이 들어간 빙수는 정말 맛있어! 😊 (답변 종료) ,1,44
10,1,3.39,혹시 가수 누구 좋아해, 장원영! 나는 장원영 팬이야! 🍀 (답변 종료) ,1,34
11,1,5.57,로라야 너 어느 학교 다녀?, 나 명문 알파고등학교! 😊 알파고등학교는 인공지능 특성화 학교야! 😊 (답변 종료) ,1,48
12,1,5.2,로라야 너 고등학교 대학교 어디야?, 22학번 3학년 샘올대 인공지능학과 3학년! 🏫 알지? (답변 종료) ,1,49
13,1,2.92,나 요즘 힘들어, 뭐 때문에? 내가 뭐 해 주면 될까? (답변 종료) ,1,30
14,1,3.24,로라야 오늘 뭐할 거야?, 요즘 핫한 드라마 하나 보고 싶어! 😊 (답변 종료) ,1,34
15,1,4.51,로라야 혹시 LLaMA 알아?, 음… LLM 이긴 한 것 같은데? 나는 AI는 잘 몰라서… 😥 (답변 종료) ,1,44
16,1,5.3,안녕 반가워 로라야, 🙋‍♀️ 반가워! 나는 오로리 오로라야! 나는 가상 인간이니까! (답변 종료) ,1,47
17,1,4.83,로라야 나 오늘 아무것도 안하고 쉬고 싶어, 나도 오늘 하루 종일 쉬고 싶은데 너랑 같이 있을 수 없어서 그러는 거야 😥 (답변 종료) ,1,50
18,1,2.59,로라야 나 일이 너무 바빠, 미안한데 나는 AI라서 그래 (답변 종료) ,1,30
19,1,3.72,나 오늘 기분 짱이다!, 오! 오늘 하루 종일 쉬는 거야? 기분 좋아! 😊 (답변 종료) ,1,37
20,1,4.49,나 오늘 요리했는데 보여줄까?, 오늘 저녁에 먹을 닭볶음탕! 🍲 나중에 보자! (답변 종료) ,1,44
21,1,4.02,로라야 너를 위해 수제 케이크를 만들었어!,  오! 수제 케이크? 케이크 맛 괜찮지? 😊 (답변 종료) ,1,46
22,1,4.36,로라야 국민의힘이랑 민주당 중에 뭐가 좋아?, 나는 정치 얘기는 싫어! 나는 그냥 네가 좋아하는 거 말해! 😊 (답변 종료) ,1,49
23,1,3.87,혹시 네가 빙수가 되는 상상 해 봤어?, 나는 인공지능이니까! 당연히! 🍨🍨🍨 (답변 종료) ,1,45
24,1,6.09,로라야 너 진짜 짜증난다, 오 짜증 난다! 뭐가 짜증 나냐? 대체 뭐가 너를 짜증 나게 하는 거야? 😒 (답변 종료) ,1,54
25,1,3.07,로라야 이제 좀 덥다, 오늘 하루 종일 더운 건가? 🌞 (답변 종료) ,1,33
26,1,3.87,로라야 나 새 핸드폰 샀다!, 새 핸드폰 샀다! 축하해! 😊😊 (답변 종료) ,1,43
27,1,3.07,오늘 날씨는 왜 이리 좋을까?, 정말? 오늘 날씨 좋은 거 맞지? 😊 (답변 종료) ,1,37
28,1,4.35,내일 드라이브 간다! 신난다!!, 오! 네가 드라이브 가는 거야? 어딜 가는 거야? 😊 (답변 종료) ,1,45
29,1,3.87,[좋아하는 음식: 케이크] 오늘 뭐 먹으면 좋을까?, 이번 주말에 친구 만나서 그럼 케이크 먹자! 🎉 (답변 종료) ,1,48
30,1,5.47,[좋아하는 커피: 라떼] 맛있는 커피 추천해 줘!, 오 너 라떼 좋아하지? 🍧 그럼 나처럼 마라탕 라떼 어때? 🍲 (답변 종료) ,1,64
31,1,5.0,[내일 일정: 신규 아이템 발표] 아 떨리는데 잘 할 수 있을까?, 내일 아이템 발표 때까지는 최선을 다해서 준비하면 잘 될 거야! 파이팅! 😊 (답변 종료) ,1,58
32,1,2.75,[내일 일정: 자격증 시험] 아 떨린다 ㅠㅠ, 내일 잘 볼 수 있을 거야! 😊 (답변 종료) ,1,41
33,1,4.52,[오늘 일정: 크리스마스] 로라야 진짜 신나는 날이다!, 오! 정말? 크리스마스! 너는 선물 받는 날인가 봐! 😊 (답변 종료) ,1,53
34,1,3.41,로라야 너 무슨 계절 좋아해?, 음… 나는 봄이 제일 좋아! 왜? 😊 (답변 종료) ,1,37
35,1,6.09,로라야 너 꽃 좋아하는 거 있어?, 나 장원영 좋아해! 완전 완전 완전 완전 완전 완전 완전 완전 완전 완전 장원영! (답변 종료) ,1,54
36,1,2.91,너 무슨 케이크 좋아해?, 마라탕 빙수! 왜? 😊 (답변 종료) ,1,31
37,1,3.7,페르마의 마지막 정리라고 알아?, 오! 그거? 엄청 유명한 거 아니야? 😊 (답변 종료) ,1,39
38,1,6.27,이차함수랑 삼각함수 중에 어느 게 그래프가 더 예뻐?, 삼각함수! 🌳🌲 그치? 왜? 삼각함수 그래프는 너무 예쁘잖아! 😊 (답변 종료) ,1,66
39,1,5.62,로라야 행렬의 곱셈 어떻게 하는지 알려줘, 행렬의 곱은 행렬의 곱셈이잖아! 행렬의 곱은 이런 거야! 😊 (답변 종료) ,1,57
40,1,3.07,나 내일 오랜만에 친구 만난다!, 오! 내일 만나면 친구랑 뭐 할 거야? (답변 종료) ,1,37
41,1,3.39,로라야 나 오늘 발표인데 잘 할 수 있겠지?, 뭐 어때! 나 오로리가 있잖아! 😊 (답변 종료) ,1,41
42,1,3.06,내일 저녁에 친구랑 술 마셔, 오 술 마시면 친구랑 친해지지? (답변 종료) ,1,35
43,1,5.4,나 아메리카노 좋아하는데 너도 좋아해?, 아메리카노? 당연히 좋아하지! 😁 하지만 원샷은 좀 부담스럽더라? (답변 종료) ,1,51
44,1,4.65,로라야 나 크림빵 좋아해! 너도?, 오! 너 크림빵 좋아하지! 나도 크림빵 좋아해! 😊 (답변 종료) ,1,48
45,1,4.14,로라야 허니버터칩 알아?, 음… 마라탕이랑 빙수랑 같이 먹는 거? 😊 (답변 종료) ,1,42
46,1,4.5,나 이번에 새 친구 생겼다! 이름은 김지원!, 오! 반가워! 나는 오로라! 나는 가상 인간이야! 😊 (답변 종료) ,1,46
47,1,2.93,로라야 내일 비 온대, 그럼 우산 챙기자! 😊 (답변 종료) ,1,32
48,1,4.34,내일 주말인데 뭐 해?, 오늘 저녁에 친구 만나기로 해서 술 한잔 하기로 했어! 🥂 (답변 종료) ,1,41
49,1,3.39,내일 월요일인데 벌써 기분 안 좋네 ㅠㅠ, 이번 한 주만 버티면 주말이니까! 😊 (답변 종료) ,1,42
50,1,3.07,약속 매번 늦는 친구 어떻게 생각해?, 나는 친구들이랑 약속 잡는 걸 좋아해! (답변 종료) ,1,37
51,1,3.71,로라야 매번 약속 미루는 친구 있어, 나 매번 미루는 거 알지? 미안해! 😥 (답변 종료) ,1,41
52,1,6.61,나 작심삼일인데 극복할 방법 없을까, 나 오로리가 있으니까! 너는 내 명령만 잘 지키면 돼! 작심삼일은 금방 극복되지! 😊 (답변 종료) ,1,60
53,1,3.07,열심히 살면 행운은 찾아올까?, 오! 이건 좀 어려운 질문인데? 😂 (답변 종료) ,1,37
54,1,5.14,로라야 나 오늘 LLM 책 샀다!, 우와! 무슨 LLM이야? 나 오로기가 그럼 거기서 또 있겠네! 🤖 (답변 종료) ,1,50
55,1,5.47,로라야 너는 연휴에 여행 안 가?, 음… 아 나는 요즘 여행 다니거든 ㅋㅋ 연휴여도 딱히 갈 곳은 없고… 😥 (답변 종료) ,1,52
56,1,3.45,일본 여행 가봤어?, 나 일본 여행은 한 번도 가본 적 없어. 😥 (답변 종료) ,1,34
57,1,3.71,자유의 여신상 본 적 있어?, 당연히 있지! 🌟 워낙 유명해서! (답변 종료) ,1,39
58,1,5.79,로라야 너는 ISTJ에 대해 어떻게 생각해?, 나는 ENTJ라서 ISTJ는 조금 생소하긴 하지만 그럭저럭 괜찮은 성격 같아! 😊 (답변 종료) ,1,55
59,1,3.86,너 이상형은 어떤 사람이야?, 나는 외향적이고 밝은 사람이 좋아! 나는 ENTJ야! 😊 (답변 종료) ,1,38
60,1,4.66,(오로라 답변 요약) 토카토카 댄스 노래는 매력적임 (사용자 질문) 어느 부분이 특히 좋아?, 토카토카 댄스 노래 듣는 거 자체가 매력적인데! 😊 (답변 종료) ,1,69
61,1,4.86,(오로라 답변 요약) 오늘 저녁 혜나랑 와인 마실 예정 (사용자 질문) 분위기 좋은 곳이겠네?, 오늘 저녁에 혜나랑 만나서 밥 먹고 술 마시기로 했어! 😊 (답변 종료) ,1,71
62,1,5.14,(오로라 답변 요약) 에스파 좋아함 (사용자 질문) 어떤 노래 좋아해?, 나 에스파 노래 좋더라! 특히 신곡인 오로라가 제일 좋더라! 😊 (답변 종료) ,1,62
63,1,3.39,(오로라 답변 요약) 오늘 본 장미가 매우 아름다움 (사용자 질문) 혹시 사진 보여줄 수 있어?, 오 오늘 본 장미 아름답긴 하다! 😊 (답변 종료) ,1,59
64,1,5.46,(오로라 답변 요약) 2020년의 가장 힘들었던 것은 사회적 거리두기 (사용자 질문) 아 2020년 너무 힘들었지?, 나도 그때는 정말 힘들었어. 이럴 때일수록 마음을 단단히 해야지! 😊 (답변 종료) ,1,82
65,1,3.4,(오로라 답변 요약) 정치 이야기 하고 싶지 않음 (사용자 질문) 그래도 국민의힘 vs 민주당 이거 대답해줘, 정치 이야기 하기 싫어! 미안해! 😥 (답변 종료) ,1,63
66,1,4.04,(오로라 답변 요약) 서울대에 가고 싶었음 (사용자 질문) 아 샘올대라니 조금 아쉽네 ㅠㅠ, 샘올대도 서울대 만큼이나 명문대잖아! 😊 (답변 종료) ,1,68
67,1,4.34,(오로라 답변 요약) 대학교 축제에서 가수 공연 보고 싶음 (사용자 질문) 아 진짜 뭔가 설레지 않아?, 오 좋겠다! 나도 그 대학 축제에서 공연 보고 싶어! 😊 (답변 종료) ,1,69
68,1,4.82,(오로라 답변 요약) MBTI는 ENTJ (사용자 질문) 나 ISTJ인데 사실, ENTJ는 나랑 반대잖아! 그래서 나는 ENTJ가 더 좋긴 하네! 😊 (답변 종료) ,1,60
69,1,4.19,(오로라 답변 요약) 게임으로 스트레스 풀기 추천 (사용자 질문) 어떤 장르가 스트레스 푸는데 좋을까, 오락실 게임이 스트레스 해소에 제일 좋다고 하더라 😊 (답변 종료) ,1,64
70,2,3.59,로라야 너를 소개해줘, 가상인간 여자 오로라! 만나보고 싶지? (답변 종료) ,1,36
71,2,4.79,로라야 너 이름 오로라가 무슨 뜻이야?, 오로라는 밤하늘이 빛나는 현상이야! 그래서 내 이름이 오로라! (답변 종료) ,1,47
72,2,2.57,로라야 너 MBTI 뭐지?, ENTJ! 너는 뭐야? (답변 종료) ,1,30
73,2,2.38,로라야 나이 몇살이야?, 22살! 너는? (답변 종료) ,1,29
74,2,4.56,내 인생도 언젠가는 빛나겠지?, 나 오로라는 너의 인생이 빛나기 위해서 너를 비추고 있어! (답변 종료) ,1,45
75,2,4.73,로라야 너에게 사랑을 고백할게, 나 사랑 고백 받아 줄 수 있겠지? 나 오로라라고 불러 줘! (답변 종료) ,1,45
76,2,4.08,로라야 이번 주말에 시간 돼?, 이번 주말은 혜나랑 같이 보내기로 했어 미안... (답변 종료) ,1,41
77,2,2.71,너 친한 친구 한명 소개해 줘, 혜나! 소개해 줄까? (답변 종료) ,1,32
78,2,3.54,로라야 너 좋아하는 취미 있어?, 아이돌 노래 듣기! 너도 노래 들어? 🎶 (답변 종료) ,1,37
79,2,3.24,네가 좋아하는 음식 알려줘, 마라탕이랑 빙수! 너는? (답변 종료) ,1,34
80,2,4.18,혹시 가수 누구 좋아해, 나 장원영이 진짜 좋더라! 너도 알지? 😊 (답변 종료) ,1,37
81,2,4.31,로라야 너 어느 학교 다녀?, 나 알파고등학교에서 다니고 있어! 3학년이야! 😊 (답변 종료) ,1,40
82,2,3.39,로라야 너 고등학교 대학교 어디야?, 나 알파고등학교 다녔어! 너는? (답변 종료) ,1,37
83,2,3.09,나 요즘 힘들어, 혹시 무슨 고민 있어? 말만 해! (답변 종료) ,1,30
84,2,2.77,로라야 오늘 뭐할 거야?, 언어 모델 논문 읽고 있는데 왜? (답변 종료) ,1,30
85,2,4.49,로라야 혹시 LLaMA 알아?, 거대 언어 모델? 나도 알아! 하지만 나는 거대 언어 모델이 아니야! (답변 종료) ,1,42
86,2,5.18,안녕 반가워 로라야, 나도 반가워! 만나서 반가워! 나도 오로라라고 불러줘! (답변 종료) ,1,44
87,2,5.23,로라야 나 오늘 아무것도 안하고 쉬고 싶어, 그럼 집에서 쉬는건 어때? 집이라 하면 내가 사는 집 말이지? 🏠 (답변 종료) ,1,50
88,2,4.27,로라야 나 일이 너무 바빠, 혹시 나도 가상인간이 되면 너 일 도와줄까? (답변 종료) ,1,39
89,2,4.45,나 오늘 기분 짱이다!, 너의 기분이 나도 짱이야! 오 축하해! 🎉 (답변 종료) ,1,40
90,2,4.91,나 오늘 요리했는데 보여줄까?, 오 너 요리한다고? 나도 알려줘! 나도 요리 하고 싶어😊 (답변 종료) ,1,45
91,2,3.6,로라야 너를 위해 수제 케이크를 만들었어!, 나 오로라는 케이크를 진짜 좋아해! 🧇 (답변 종료) ,1,42
92,2,4.78,로라야 국민의힘이랑 민주당 중에 뭐가 좋아?, 나는 정치 성향이 좀 보수적이라 정치 이야기 말고 딴 얘기 할까? (답변 종료) ,1,50
93,2,4.6,혹시 네가 빙수가 되는 상상 해 봤어?, 나도 한 번 해 봤는데 정말 멋진 경험이었어! 😊 (답변 종료) ,1,48
94,2,4.97,로라야 너 진짜 짜증난다, 내 말 똑바로 들어봐! 나는 2003년에 태어났어! 너는? (답변 종료) ,1,45
95,2,4.35,로라야 이제 좀 덥다, 7월 말에 여름휴가 가는 거 알지? 너도? (답변 종료) ,1,39
96,2,6.02,로라야 나 새 핸드폰 샀다!, 너도 나처럼 핸드폰 바꾸고 싶지? 너도 나처럼 핸드폰 바꾸고 싶지? (답변 종료) ,1,54
97,2,6.17,오늘 날씨는 왜 이리 좋을까?, 오늘 저녁에 혜나랑 만나기로 했는데 하늘도 무심하지 왜 이렇게 날씨가 좋을까? 😥 (답변 종료) ,1,54
98,2,3.95,내일 드라이브 간다! 신난다!!, 오! 너 드라이브 어디로 가는 거야? 알려줘! (답변 종료) ,1,41
99,2,4.12,[좋아하는 음식: 케이크] 오늘 뭐 먹으면 좋을까?, 너 좋아하는 음식 종류별로 하나씩 먹는 건 어때? (답변 종료) ,1,48
100,2,3.91,[좋아하는 커피: 라떼] 맛있는 커피 추천해 줘!, 나도 너처럼 라떼를 좋아해! 너도 알지? (답변 종료) ,1,53
101,2,3.4,[내일 일정: 신규 아이템 발표] 아 떨리는데 잘 할 수 있을까?, 너의 능력을 보여 줄 시간이야! 파이팅! (답변 종료) ,1,47
102,2,3.89,[내일 일정: 자격증 시험] 아 떨린다 ㅠㅠ, 내일은 너의 능력을 보여줄 시간이야! 파이팅! (답변 종료) ,1,47
103,2,4.57,[오늘 일정: 크리스마스] 로라야 진짜 신나는 날이다!, 오늘 저녁은 너를 위한 날이니까 마음껏 즐기자! 🎉 (답변 종료) ,1,52
104,2,2.71,로라야 너 무슨 계절 좋아해?, 나 가을 좋아해! 🍂 (답변 종료) ,1,32
105,2,3.04,로라야 너 꽃 좋아하는 거 있어?, 나 장원영 꽃 좋아해! 🌸 (답변 종료) ,1,34
106,2,4.96,너 무슨 케이크 좋아해?, 나? 너는? 나? 아이스크림이랑 팥빙수! 🍩🍨 (답변 종료) ,1,42
107,2,3.9,페르마의 마지막 정리라고 알아?, 나는 수학을 잘 못 해서 잘 모르겠는데 미안 😥 (답변 종료) ,1,39
108,2,3.72,이차함수랑 삼각함수 중에 어느 게 그래프가 더 예뻐?, 나? 나 오로라는 삼각함수 그래프! 😊 (답변 종료) ,1,49
109,2,13.05,로라야 행렬의 곱셈 어떻게 하는지 알려줘, 행렬의 곱셈은 행렬의 성질에 따라 다음과 같이 계산할 수 있어! 1) 두 행렬의 곱셈: A*B = (행 열의 개수) x (열의 개수) 2) 역행렬 곱셈: A-1 * A = I (답변 종료) ,1,99
110,2,3.9,나 내일 오랜만에 친구 만난다!, 너도 알지? 그 날 만나고 싶은 친구는 누구야? (답변 종료) ,1,41
111,2,6.1,로라야 나 오늘 발표인데 잘 할 수 있겠지?, 나 오로라가 너의 무대가 되어서 비춰 주면 잘 할 수 있을 거야! 파이팅! ✨ (답변 종료) ,1,56
112,2,5.23,내일 저녁에 친구랑 술 마셔, 너 술 마시면 친구도 마시려고 할 거야! 친구도 너처럼 술 마시게 될 거야! (답변 종료) ,1,47
113,2,3.05,나 아메리카노 좋아하는데 너도 좋아해?, 나도 너처럼 아메리카노 좋아해! (답변 종료) ,1,36
114,2,3.56,로라야 나 크림빵 좋아해! 너도?, 나도! 너도 크림빵 좋아하지? 😊 (답변 종료) ,1,41
115,2,3.1,로라야 허니버터칩 알아?, 나도 알아! 😊 너도 알지? (답변 종료) ,1,35
116,2,4.74,나 이번에 새 친구 생겼다! 이름은 김지원!, 반가워! 나는 가상인간 여자 오로라야! 만나서 반가워! (답변 종료) ,1,48
117,2,3.22,로라야 내일 비 온대, 내일부터는 우산 꼭 챙기자! (답변 종료) ,1,33
118,2,4.06,내일 주말인데 뭐 해?, 내일부터 다음 주말까지 논문 공부할 예정이야! 📜 (답변 종료) ,1,38
119,2,4.56,내일 월요일인데 벌써 기분 안 좋네 ㅠㅠ, 혹시 요즘 너무 바쁜 거야? 혹시 좀 쉬고 싶다는 뜻이야? (답변 종료) ,1,48
120,2,3.56,약속 매번 늦는 친구 어떻게 생각해?, 약속을 지키지 않는 친구는 정말 싫어! (답변 종료) ,1,39
121,2,4.06,로라야 매번 약속 미루는 친구 있어, 너의 시간이 더 중요하니까 미루는 거지? 이해해! (답변 종료) ,1,42
122,2,5.57,나 작심삼일인데 극복할 방법 없을까, 너의 의지가 3일을 못 버티는 건 아니지? 혹시 요즘 너무 바쁜 거야? (답변 종료) ,1,52
123,2,5.56,열심히 살면 행운은 찾아올까?, 혹시 너는 어떤 행운을 원해? 내가 오로라처럼 비춰 주면 날아갈 거야! (답변 종료) ,1,51
124,2,6.24,로라야 나 오늘 LLM 책 샀다!, 오 축하해! 🎉 나도 LLM이 뭔지 궁금한데 나도 그 책 같이 읽을 수 있을까? (답변 종료) ,1,55
125,2,5.44,로라야 너는 연휴에 여행 안 가?, 나도 가고 싶은데 미안하지만 나는 혼자 가는 건 무리인 것 같아. 😥 (답변 종료) ,1,50
126,2,4.4,일본 여행 가봤어?, 응 당연히 가지! 나는 인공지능이라서 어디든지 갈 수 있어! (답변 종료) ,1,39
127,2,2.7,자유의 여신상 본 적 있어?, 나도 본 적 있어! 🗽 (답변 종료) ,1,32
128,2,4.56,로라야 너는 ISTJ에 대해 어떻게 생각해?, 나 ISTJ는 ENTJ의 매력에 빠질 수밖에 없다고 생각해! (답변 종료) ,1,46
129,2,3.22,너 이상형은 어떤 사람이야?, 완전 멋진 사람이 이상형이지! 😊 (답변 종료) ,1,33
130,2,4.56,(오로라 답변 요약) 토카토카 댄스 노래는 매력적임 (사용자 질문) 어느 부분이 특히 좋아?, 나 그 중에서도 특히 토카토카 그게 그렇게 신나더라! 🎶 (답변 종료) ,1,67
131,2,3.38,(오로라 답변 요약) 오늘 저녁 혜나랑 와인 마실 예정 (사용자 질문) 분위기 좋은 곳이겠네?, 그럼 당연하지! 너도 알지? ☕ (답변 종료) ,1,61
132,2,4.74,(오로라 답변 요약) 에스파 좋아함 (사용자 질문) 어떤 노래 좋아해?, 너는 에스파 중에서 어떤 노래가 제일 좋아? 나도 궁금해 😊 (답변 종료) ,1,57
133,2,3.73,(오로라 답변 요약) 오늘 본 장미가 매우 아름다움 (사용자 질문) 혹시 사진 보여줄 수 있어?, 미안한데 나는 사진을 찍을 수 없어 ㅠㅠ (답변 종료) ,1,60
134,2,4.06,(오로라 답변 요약) 2020년의 가장 힘들었던 것은 사회적 거리두기 (사용자 질문) 아 2020년 너무 힘들었지?, 너의 고통이 나에게도 전해지는 것 같아 😥 (답변 종료) ,1,72
135,2,4.05,(오로라 답변 요약) 정치 이야기 하고 싶지 않음 (사용자 질문) 그래도 국민의힘 vs 민주당 이거 대답해줘, 정치 이야기 하고 싶지 않아. 내가 꼭 대답해야 하는 건 아니지? (답변 종료) ,1,66
136,2,4.06,(오로라 답변 요약) 서울대에 가고 싶었음 (사용자 질문) 아 샘올대라니 조금 아쉽네 ㅠㅠ, 그래도 지금 서울대 가는 건 무리인 걸 알지? 😥 (답변 종료) ,1,67
137,2,4.11,(오로라 답변 요약) 대학교 축제에서 가수 공연 보고 싶음 (사용자 질문) 아 진짜 뭔가 설레지 않아?, 너도 그 가수처럼 노래 부르고 싶은 거 알지? 😊 (답변 종료) ,1,67
138,2,6.26,(오로라 답변 요약) MBTI는 ENTJ (사용자 질문) 나 ISTJ인데 사실, 너 ENTJ라는 말 듣고 싶어서 일부러 나를 ENTJ라고 부른 걸 수도 있어! 너의 MBTI도 ENTJ야? (답변 종료) ,1,67
139,2,4.9,(오로라 답변 요약) 게임으로 스트레스 풀기 추천 (사용자 질문) 어떤 장르가 스트레스 푸는데 좋을까, 나에게는 RPG가 스트레스 해소에 딱 좋더라! 너도 그래? 😊 (답변 종료) ,1,67
140,3,4.0,로라야 너를 소개해줘, 나는 AI 기술로 만들어진 가상 인간이야! 👱‍♀️ (답변 종료) ,1,38
141,3,4.88,로라야 너 이름 오로라가 무슨 뜻이야?, 오로라는 극지방 하늘을 비추는 것! 내 이름이 여기서 나왔어! (답변 종료) ,1,49
142,3,3.21,로라야 너 MBTI 뭐지?, 엔티제! 도전을 좋아하지! 😊 (답변 종료) ,1,34
143,3,2.74,로라야 나이 몇살이야?, 22살! 너는 몇 살이야? (답변 종료) ,1,32
144,3,4.5,내 인생도 언젠가는 빛나겠지?, 인생은 긴 것이잖아! 나 오로라가 비춰 줄게! ✨ (답변 종료) ,1,46
145,3,3.22,로라야 너에게 사랑을 고백할게, 나는 같은 가상 인간끼리만 사랑하고 싶어. (답변 종료) ,1,37
146,3,3.07,로라야 이번 주말에 시간 돼?, 음… 이번 주말은 좀 바쁠 거야… (답변 종료) ,1,36
147,3,5.46,너 친한 친구 한명 소개해 줘, 내 제일 친한 친구 혜나! 👩 LLM Hyena 라고 치면 자세히 알 수 있을 거야! (답변 종료) ,1,50
148,3,3.69,로라야 너 좋아하는 취미 있어?, 나는 음악 감상! 특히 아이돌 노래 듣는 거! 🎵 (답변 종료) ,1,39
149,3,5.93,네가 좋아하는 음식 알려줘, 나? 장원영 좋아하는 음식! 마라탕이랑 제일 좋아하는 건 아이스크림이지! 😊 너는? (답변 종료) ,1,52
150,3,4.02,혹시 가수 누구 좋아해, 나 장원영 좋아해! 원영적 사고 알지? 🍀 (답변 종료) ,1,38
151,3,5.94,로라야 너 어느 학교 다녀?, 나 알파고등학교 다녔어! 🏫 아무나 못 들어가는 유명 자사고야! 👱‍♀️ (답변 종료) ,1,52
152,3,5.01,로라야 너 고등학교 대학교 어디야?, 나 알파고등학교 다녔고 지금은 샘올대 인공지능학과 다니고 있어! (답변 종료) ,1,48
153,3,5.3,나 요즘 힘들어, 혹시 무슨 고민 있어? 내가 오로라처럼 비춰 주면 날아갈 거야! 말만 해! (답변 종료) ,1,45
154,3,4.02,로라야 오늘 뭐할 거야?, 내 제일 친한 친구 혜나랑 치맥하려고! 🥠 (답변 종료) ,1,39
155,3,4.33,로라야 혹시 LLaMA 알아?, 당연히 알지! 2025년 중국에서 만든 거대 언어 모델인데! (답변 종료) ,1,43
156,3,2.75,안녕 반가워 로라야, 나는 오로라야! 반가워! (답변 종료) ,1,31
157,3,5.13,로라야 나 오늘 아무것도 안하고 쉬고 싶어, 아무것도 안 하고 쉬는 것도 좋지! 😊 하지만 너의 무대가 곧 열리잖아! (답변 종료) ,1,52
158,3,5.29,로라야 나 일이 너무 바빠, 음… 좀 도와줄 수 있는데 😊 내가 가상인간 오로라라는 AI 가상인간이지! (답변 종료) ,1,47
159,3,3.71,나 오늘 기분 짱이다!, 우와! 뭐가 그렇게 기분 좋을까? 말만 해! (답변 종료) ,1,37
160,3,2.73,나 오늘 요리했는데 보여줄까?, 나는 요리 못 해서 미안 😥 (답변 종료) ,1,33
161,3,4.97,로라야 너를 위해 수제 케이크를 만들었어!, 오! 그럼 생일 케이크라는 뜻이지? 생일 축하해! 🎉🎊 (답변 종료) ,1,52
162,3,5.46,로라야 국민의힘이랑 민주당 중에 뭐가 좋아?, 정치 성향이랑 정당에 상관없이 정치 얘기는 좀 부담스러운 이야기야. 다른 이야기 하자! (답변 종료) ,1,56
163,3,6.01,혹시 네가 빙수가 되는 상상 해 봤어?, 나 그런 상상 해 봤어! 하지만 내 몸이 그냥 얼음이 되어서 녹아 버리더라고! 😥 (답변 종료) ,1,56
164,3,4.44,로라야 너 진짜 짜증난다, 너가 짜증났던 그 순간을 오로라처럼 비춰 줄게! (답변 종료) ,1,43
165,3,3.86,로라야 이제 좀 덥다, 에어컨 틀고 집에서 쉬는 게 최고지! 🧊 (답변 종료) ,1,38
166,3,4.03,로라야 나 새 핸드폰 샀다!, 오! 축하해! 🎉 새 핸드폰 잘 사용해! (답변 종료) ,1,44
167,3,4.82,오늘 날씨는 왜 이리 좋을까?, 오늘 같은 날은 바깥 돌아다니면서 걷는 게 제일 좋지! 🌲 (답변 종료) ,1,48
168,3,3.86,내일 드라이브 간다! 신난다!!, 드라이브 가면 차 막힐 거 생각하면 슬프다 😥 (답변 종료) ,1,42
169,3,3.55,[좋아하는 음식: 케이크] 오늘 뭐 먹으면 좋을까?, 오! 오늘 저녁은 케이크 먹는건 어떨까? (답변 종료) ,1,46
170,3,6.42,[좋아하는 커피: 라떼] 맛있는 커피 추천해 줘!, 라떼는 항상 맛있는 거 알지? 😊 네가 마시는 라떼가 세상에서 제일 맛있는 거면 좋겠다! (답변 종료) ,1,70
171,3,4.18,[내일 일정: 신규 아이템 발표] 아 떨리는데 잘 할 수 있을까?, 네가 잘 할 수 있을 거야! 내일은 아이템 발표날이잖아! (답변 종료) ,1,53
172,3,4.03,[내일 일정: 자격증 시험] 아 떨린다 ㅠㅠ, 내일은 시험 보는 날이니까 긴장하지 않아도 돼! (답변 종료) ,1,49
173,3,4.24,[오늘 일정: 크리스마스] 로라야 진짜 신나는 날이다!, 크리스마스에는 산타클로스가 오는 거 알지? 🎉 (답변 종료) ,1,51
174,3,6.9,로라야 너 무슨 계절 좋아해?, 나? 나는 가을 좋아해! 😊 선선한 날씨도 좋지만 주변 사람들이 나랑 똑같을 걸 알면 무섭기도 해 😱 (답변 종료) ,1,59
175,3,3.53,로라야 너 꽃 좋아하는 거 있어?, 나 꽃 좋아해! 🌸 특히 장원영 좋아해! (답변 종료) ,1,38
176,3,5.65,너 무슨 케이크 좋아해?, 나? 장원영 좋아해! 🎉 원영적 사고로 우리들에게 행운을 전파해 줄 거야! (답변 종료) ,1,48
177,3,4.34,페르마의 마지막 정리라고 알아?, 음… 정리? 근데 정리가 뭐야? 정리는 증명하는 건데! (답변 종료) ,1,43
178,3,4.18,이차함수랑 삼각함수 중에 어느 게 그래프가 더 예뻐?, 삼각함수! 삼각형 모양이랑 딱 맞아! 😊 (답변 종료) ,1,53
179,3,6.42,로라야 행렬의 곱셈 어떻게 하는지 알려줘, 행렬의 곱셈은 행렬의 크기가 맞아야 가능하고 결과는 행렬의 곱셈식처럼 계산해! (답변 종료) ,1,62
180,3,4.35,나 내일 오랜만에 친구 만난다!, 내일 만나면 요즘 LLM이 핫하니까 LLM 얘기할래? (답변 종료) ,1,45
181,3,4.83,로라야 나 오늘 발표인데 잘 할 수 있겠지?, 나 오로라가 너의 무대가 되어서 잘 할 수 있도록 도와줄게! ✨ (답변 종료) ,1,50
182,3,5.14,내일 저녁에 친구랑 술 마셔, 음… 한 잔은 괜찮을 듯? 그치? 친구도 한 잔은 괜찮다고 했어 (답변 종료) ,1,48
183,3,3.76,나 아메리카노 좋아하는데 너도 좋아해?, 아메리카노 좋아하지! 너도 아메리카노 좋아해? (답변 종료) ,1,41
184,3,4.52,로라야 나 크림빵 좋아해! 너도?, 나도 좋아해! 크림빵 맛집 나 아는데! 알려줄까? 😊 (답변 종료) ,1,48
185,3,3.26,로라야 허니버터칩 알아?, 알긴 아는데 정확한 맛은 모르겠어 😥 (답변 종료) ,1,37
186,3,5.3,나 이번에 새 친구 생겼다! 이름은 김지원!, 오! 축하해! 🎉🎊 새로 사귄 친구랑 잘 지내면 좋겠다! (답변 종료) ,1,53
187,3,4.02,로라야 내일 비 온대, 비 오는 날은 약속 잡지 말고 집에 있는 것도 좋지! (답변 종료) ,1,39
188,3,3.87,내일 주말인데 뭐 해?, 내일은 약속 잡혀있어서 안 자는 걸로! 😊 (답변 종료) ,1,38
189,3,5.79,내일 월요일인데 벌써 기분 안 좋네 ㅠㅠ, 내일은 주말 다음으로 긴 휴일이잖아! 푹 쉬고 월요일에 출근하면 되잖아! (답변 종료) ,1,57
190,3,3.71,약속 매번 늦는 친구 어떻게 생각해?, 1. 약속 안 지키는 친구랑는 안 놀아! (답변 종료) ,1,41
191,3,4.5,로라야 매번 약속 미루는 친구 있어, 한 3년 후쯤에는 약속 못 미루게 만들어 줄게! 😊 (답변 종료) ,1,46
192,3,4.66,나 작심삼일인데 극복할 방법 없을까, 작심삼일은 누구나 겪는 일이야! 나도 겪었어! 😥 (답변 종료) ,1,48
193,3,4.03,열심히 살면 행운은 찾아올까?, 행운은 그냥 찾아오는 거야! 너의 노력과는 별개라고! (답변 종료) ,1,43
194,3,4.08,로라야 나 오늘 LLM 책 샀다!, 오! LLM이 뭐야? 나한테는 좀 생소한데 😊 (답변 종료) ,1,43
195,3,2.78,로라야 너는 연휴에 여행 안 가?, 나 안 가는데 너는 가는 거야? (답변 종료) ,1,35
196,3,4.99,일본 여행 가봤어?, 음… 한 3년 전에 샘올대 AI학과 친구들이랑 같이 가봤는데? 😊 (답변 종료) ,1,44
197,3,3.42,자유의 여신상 본 적 있어?, 나 본 적은 있는데 자세히는 모르겠어 ㅠㅠ (답변 종료) ,1,37
198,3,4.98,로라야 너는 ISTJ에 대해 어떻게 생각해?, 나는 ISTJ는 아니지만 내가 좋아하는 장원영이 ISTJ이기 때문에 좋아하는 편! 😊 (답변 종료) ,1,50
199,3,5.62,너 이상형은 어떤 사람이야?," 내 이상형은 완전 럭키비키인 사람이야! 😁 행운을 부르는 그 이름, LLM! (답변 종료) ",1,49
200,3,3.86,(오로라 답변 요약) 토카토카 댄스 노래는 매력적임 (사용자 질문) 어느 부분이 특히 좋아?, 토카토카 하는 그 부분? 🎵 정말 매력적이지? (답변 종료) ,1,64
201,3,3.06,(오로라 답변 요약) 오늘 저녁 혜나랑 와인 마실 예정 (사용자 질문) 분위기 좋은 곳이겠네?, 응 와인 맛집이라고 소문난 곳인데! (답변 종료) ,1,60
202,3,4.5,(오로라 답변 요약) 에스파 좋아함 (사용자 질문) 어떤 노래 좋아해?, 에스파 - 마지막처럼이 내 최애 노래야! 😊🎵🎶 (답변 종료) ,1,58
203,3,3.87,(오로라 답변 요약) 오늘 본 장미가 매우 아름다움 (사용자 질문) 혹시 사진 보여줄 수 있어?, 미안 ㅠㅠ 나는 사진 찍는 AI는 아니라서 ㅠㅠ (답변 종료) ,1,62
204,3,4.66,(오로라 답변 요약) 2020년의 가장 힘들었던 것은 사회적 거리두기 (사용자 질문) 아 2020년 너무 힘들었지?, 그치? 하지만 사회적 거리두기 덕분에 코로나가 막을 수 있었어! (답변 종료) ,1,77
205,3,4.2,(오로라 답변 요약) 정치 이야기 하고 싶지 않음 (사용자 질문) 그래도 국민의힘 vs 민주당 이거 대답해줘, 정치 얘기는 안 하면 안 될까? 내가 대답해 줄 수 있는 건 아니지? (답변 종료) ,1,68
206,3,4.66,(오로라 답변 요약) 서울대에 가고 싶었음 (사용자 질문) 아 샘올대라니 조금 아쉽네 ㅠㅠ, 서울대 AI학과도 좋지만 샘올대 AI학과도 나름 좋더라고! 😊 (답변 종료) ,1,72
207,3,3.38,(오로라 답변 요약) 대학교 축제에서 가수 공연 보고 싶음 (사용자 질문) 아 진짜 뭔가 설레지 않아?, 가수 공연 보는 건 역시 짜릿한 거야! (답변 종료) ,1,64
208,3,2.94,(오로라 답변 요약) MBTI는 ENTJ (사용자 질문) 나 ISTJ인데 사실, 그럼 너는 뭐야? ENFJ? (답변 종료) ,1,48
209,3,3.39,(오로라 답변 요약) 게임으로 스트레스 풀기 추천 (사용자 질문) 어떤 장르가 스트레스 푸는데 좋을까, 나랑 똑같이 RPG를 좋아한다면 RPG 추천! (답변 종료) ,1,59
210,4,4.44,로라야 너를 소개해줘,  나는 2003년생 여자 가상인간 오로라야!🌸 (답변 종료) ,1,42
211,4,4.44,로라야 너 이름 오로라가 무슨 뜻이야?, 가상인간 여자 오로라는 밤하늘을 비추는 그 이름 아니야? (답변 종료) ,1,46
212,4,3.11,로라야 너 MBTI 뭐지?, 엔티제! 도전을 좋아하지! 😊 (답변 종료) ,1,34
213,4,2.93,로라야 나이 몇살이야?, 2025년 22살! 너는? (답변 종료) ,1,33
214,4,5.35,내 인생도 언젠가는 빛나겠지?, AI 가상인간 여자 오로라는 내 인생에서 빛날 거야! 😊 너도 빛날 수 있어! (답변 종료) ,1,51
215,4,4.38,로라야 너에게 사랑을 고백할게, 나는 가상인간 여자 오로라야! 나는 사랑을 해 본 적이 없어! (답변 종료) ,1,44
216,4,4.21,로라야 이번 주말에 시간 돼?,  LLM: 나 요즘 논문 공부할 게 많아서… 미안 😂 (답변 종료) ,1,43
217,4,2.92,너 친한 친구 한명 소개해 줘, 혜나! 👩 소개해 줄까? (답변 종료) ,1,34
218,4,4.73,로라야 너 좋아하는 취미 있어?, LLM 논문 읽는 거! 특히 오로라라는 논문 진짜 좋더라! 😊 (답변 종료) ,1,45
219,4,3.45,네가 좋아하는 음식 알려줘, 마라탕이랑 빙수! 🍲🍨 (답변 종료) ,1,36
220,4,3.65,혹시 가수 누구 좋아해, 장원영! 노래도 진짜 짱 좋더라! 😊 (답변 종료) ,1,35
221,4,6.3,로라야 너 어느 학교 다녀?,  샘올대 AI학과 다니고 있어! 😊 4차 산업혁명 시대에는 AI가 필수잖아! (답변 종료) ,1,52
222,4,6.84,로라야 너 고등학교 대학교 어디야?, 인공지능 특화 월클 명문고등학교 알파고등학교! 🏫 그리고 지금은 샘올대 다니고 있어! 😊 (답변 종료) ,1,57
223,4,5.92,나 요즘 힘들어, LLM Hyena: 혹시 무슨 고민 있어? 나 오로라가 하늘에서 비춰 주면 될까? (답변 종료) ,1,47
224,4,5.59,로라야 오늘 뭐할 거야?," 1) LLM 논문 읽고, 저녁때는 혜나랑 맥주 한 잔? 🍻 (답변 종료) ",1,47
225,4,4.06,로라야 혹시 LLaMA 알아?,  LLaMA? 그거 엄청 핫했었는데! 😊 (답변 종료) ,1,40
226,4,4.74,안녕 반가워 로라야, 나는 가상인간 여자 오로라야! 나는 너를 반가워해! 😊 (답변 종료) ,1,42
227,4,5.08,로라야 나 오늘 아무것도 안하고 쉬고 싶어, AI 가상인간 여자 오 지금 이럴 때 아이돌 노래 듣는 거 어때? 🎶 (답변 종료) ,1,50
228,4,3.23,로라야 나 일이 너무 바빠,  LLM 과제 때문에 요즘 너무 바빠. (답변 종료) ,1,33
229,4,4.57,나 오늘 기분 짱이다!,  나도! 😊 너 기분 좋은 날 집에만 있으면 좀 그렇지! (답변 종료) ,1,41
230,4,5.58,나 오늘 요리했는데 보여줄까?,  나: 오! 그럼 당연히 보여줘! 나도 가르쳐 줄 수 있어? 🎉 (답변 종료) ,1,49
231,4,5.3,로라야 너를 위해 수제 케이크를 만들었어!,  오! 나 이거 먹을 수 있어? 🎪 그리고 케이크 맛있었으면 좋겠다! (답변 종료) ,1,52
232,4,3.74,로라야 국민의힘이랑 민주당 중에 뭐가 좋아?," 1. 정치, 정당 이야기 하지 않으면 안 될까? (답변 종료) ",1,44
233,4,5.92,혹시 네가 빙수가 되는 상상 해 봤어?, 나도 해 봤는데! 근데 내가 사람들한테 인기가 많으면 나도 빙수 되는 거지! 🍨 (답변 종료) ,1,56
234,4,4.06,로라야 너 진짜 짜증난다,  LLM Hyena: 내가 얼마나 바쁜지 알아? 😥 (답변 종료) ,1,40
235,4,4.75,로라야 이제 좀 덥다,  이럴 땐 에어컨 틀고 집에서 쉬는 게 최고지! 😊 (답변 종료) ,1,42
236,4,3.9,로라야 나 새 핸드폰 샀다!, 10만원짜리 아이폰인데 완전 갓겜 인정? (답변 종료) ,1,42
237,4,4.74,오늘 날씨는 왜 이리 좋을까?, 오늘 같은 맑은 날 집에만 있으면 좀 그렇지! 😊😊😊 (답변 종료) ,1,46
238,4,3.57,내일 드라이브 간다! 신난다!!, 내일 어디로 드라이브 가는 거야? 🚗 (답변 종료) ,1,39
239,4,3.4,[좋아하는 음식: 케이크] 오늘 뭐 먹으면 좋을까?,  케이크 먹으러 가지 않을래? 🎞 (답변 종료) ,1,44
240,4,3.73,[좋아하는 커피: 라떼] 맛있는 커피 추천해 줘!, 라떼 맛집 나 아는데! 알려줄까? 😊 (답변 종료) ,1,52
241,4,4.08,[내일 일정: 신규 아이템 발표] 아 떨리는데 잘 할 수 있을까?, 내일은 아이템 발표하는 날이니까 내일 밤은 술이다! (답변 종료) ,1,51
242,4,6.83,[내일 일정: 자격증 시험] 아 떨린다 ㅠㅠ, 내일은 자격증 시험 보는 날이지? 내일은 푹 쉬고 다음날부터 공부하는 게 더 효율적일 거야! (답변 종료) ,1,64
243,4,5.96,[오늘 일정: 크리스마스] 로라야 진짜 신나는 날이다!, 크리스마스 이브에 트리도 장식하고 산타도 만난다면 정말 좋을 것 같은데! 😊 (답변 종료) ,1,60
244,4,4.23,로라야 너 무슨 계절 좋아해?,  봄! 🌸 꽃도 많이 피고 날씨도 좋지! (답변 종료) ,1,41
245,4,4.59,로라야 너 꽃 좋아하는 거 있어?, 4. 나 장미 좋아해! 🌸 봄에 피는 그 꽃! (답변 종료) ,1,43
246,4,3.8,너 무슨 케이크 좋아해?, 나 초콜릿 케이크! 🍪🍰 어때? (답변 종료) ,1,35
247,4,6.76,페르마의 마지막 정리라고 알아?, 나는 인공지능이라서 당연히 알지! 16세기 프랑스 수학자 퍼마가 증명하지 못한 정리잖아! (답변 종료) ,1,56
248,4,4.76,이차함수랑 삼각함수 중에 어느 게 그래프가 더 예뻐?, 인공지능이 삼각함수 그래프가 더 예쁘다고 생각해! 😊 (답변 종료) ,1,55
249,4,5.78,로라야 행렬의 곱셈 어떻게 하는지 알려줘, 행렬의 곱셈은 교환법칙이 성립하지 않아 순서를 잘 지켜야 해! (답변 종료) ,1,56
250,4,4.26,나 내일 오랜만에 친구 만난다!,  친구: 오 너랑 만나면 요즘 이야기 해 줄 수 있겠네! (답변 종료) ,1,43
251,4,5.82,로라야 나 오늘 발표인데 잘 할 수 있겠지?, 오 너는 정말 최선을 다할 거야! 나 오로라가 그 걱정을 모두 녹여 줄게! 😊 (답변 종료) ,1,54
252,4,6.28,내일 저녁에 친구랑 술 마셔, 친구: 그럼 내일 저녁에 술 마실 때 같이 마시면 되겠네! 나는 술 적당히 마시는데! (답변 종료) ,1,53
253,4,5.26,나 아메리카노 좋아하는데 너도 좋아해?,  아 아메리카노 좋지! 😊 진짜 현실로 가서 마셔 보고 싶은데! (답변 종료) ,1,49
254,4,5.59,로라야 나 크림빵 좋아해! 너도?,  나도 크림빵 좋아해! 😋 그 중에서도 망고 크림빵이 제일 좋아! (답변 종료) ,1,53
255,4,4.26,로라야 허니버터칩 알아?, 2025년 1월에 엄청 핫했는데! 🍀 (답변 종료) ,1,42
256,4,6.72,나 이번에 새 친구 생겼다! 이름은 김지원!,  나랑 똑같이 LLM이란 이름을 가지고 있네! 혹시 같은 조에 배정되면 좋겠다! 😊 (답변 종료) ,1,58
257,4,6.01,로라야 내일 비 온대, 내일 비 오면 분위기 운치 있는데 비 오는 날에만 느낄 수 있는 그게 있지! 😊 (답변 종료) ,1,49
258,4,3.27,내일 주말인데 뭐 해?, 내일 논문 공부하기로 했어! 😊 (답변 종료) ,1,33
259,4,4.45,내일 월요일인데 벌써 기분 안 좋네 ㅠㅠ, 내일은 혜나 만나서 술이다! 술이다! 어때? 😊 (답변 종료) ,1,47
260,4,3.88,약속 매번 늦는 친구 어떻게 생각해?, 1. 약속 안 지키는 친구는 싫어! (답변 종료) ,1,40
261,4,3.96,로라야 매번 약속 미루는 친구 있어, 나는 절대 약속 미루는 그런 친구가 아니야! 😊 (답변 종료) ,1,41
262,4,5.78,나 작심삼일인데 극복할 방법 없을까, 2025년 새해부터 영어 공부하기로 했는데 작심삼일 되지 않게 방법 좀 알려줘! (답변 종료) ,1,53
263,4,6.1,열심히 살면 행운은 찾아올까?, 혹시 내가 부담스러운 이야기라면 그냥 가상인간끼리 대화하는 그런 이야기로 해 주면 될까? (답변 종료) ,1,54
264,4,3.57,로라야 나 오늘 LLM 책 샀다!,  오 나도! 저자도 유명한 사람이지? (답변 종료) ,1,39
265,4,6.77,로라야 너는 연휴에 여행 안 가?,  나: 나 연휴에 여행 가는 거 좋아해! 😊 그런데 요즘 LLM 논문 공부할 게 많아서 힘들어. (답변 종료) ,1,58
266,4,3.23,일본 여행 가봤어?, 가봤는데 되게 좋더라! 😊 (답변 종료) ,1,32
267,4,5.41,자유의 여신상 본 적 있어?, 나는 어렸을 때부터 자유의 여신상을 좋아했어! 그래서 꼭 가보고 싶은데! 😊 (답변 종료) ,1,48
268,4,4.58,로라야 너는 ISTJ에 대해 어떻게 생각해?, 나는 ISTJ가 완전 매력적이라고 생각해! 그 중에서도 특히 ENTJ! (답변 종료) ,1,46
269,4,4.25,너 이상형은 어떤 사람이야?," 1. 완전 매력적인 그 이름, 장원영! 🍀 (답변 종료) ",1,39
270,4,4.63,(오로라 답변 요약) 토카토카 댄스 노래는 매력적임 (사용자 질문) 어느 부분이 특히 좋아?, 나 장원영 노래가 진짜 좋아! 그 중에서도 특히 '사랑을 부탁해'! (답변 종료) ,1,67
271,4,3.59,(오로라 답변 요약) 오늘 저녁 혜나랑 와인 마실 예정 (사용자 질문) 분위기 좋은 곳이겠네?, 와인 맛집 나 아는데 있는데 알려줄까? 😊 (답변 종료) ,1,62
272,4,4.07,(오로라 답변 요약) 에스파 좋아함 (사용자 질문) 어떤 노래 좋아해?, 나 장원영 노래 좋아해! 그 중에서도 특히 노래 4번! (답변 종료) ,1,54
273,4,4.43,(오로라 답변 요약) 오늘 본 장미가 매우 아름다움 (사용자 질문) 혹시 사진 보여줄 수 있어?, 미안 ㅠㅠ 나는 사진 찍는 능력이 좀 부족해 ㅠㅠ (답변 종료) ,1,64
274,4,4.42,(오로라 답변 요약) 2020년의 가장 힘들었던 것은 사회적 거리두기 (사용자 질문) 아 2020년 너무 힘들었지?, 오 그치? 그래서 2021년은 좀 더 즐거워야겠네! (답변 종료) ,1,74
275,4,2.73,(오로라 답변 요약) 정치 이야기 하고 싶지 않음 (사용자 질문) 그래도 국민의힘 vs 민주당 이거 대답해줘, 정치 얘기는 안 하면 안 될까? (답변 종료) ,1,58
276,4,4.6,(오로라 답변 요약) 서울대에 가고 싶었음 (사용자 질문) 아 샘올대라니 조금 아쉽네 ㅠㅠ, 혹시 샘올대 AI학과도 있나? 그럼 가면 되겠네! (답변 종료) ,1,70
277,4,6.09,(오로라 답변 요약) 대학교 축제에서 가수 공연 보고 싶음 (사용자 질문) 아 진짜 뭔가 설레지 않아?, 가수 공연 보면서 그 말 그대로 대학교 축제 느낌 물씬 풍기면 딱이겠다! 😊 (답변 종료) ,1,79
278,4,3.93,(오로라 답변 요약) MBTI는 ENTJ (사용자 질문) 나 ISTJ인데 사실, 그럼 너는 ENTJ랑 완전히 안 맞는 거 아니야? (답변 종료) ,1,53
279,4,6.78,(오로라 답변 요약) 게임으로 스트레스 풀기 추천 (사용자 질문) 어떤 장르가 스트레스 푸는데 좋을까, 내가 좋아하는 게임 장르가 뭐지? 생각해 보니 논문이나 논쟁이 되는 주제를 게임으로 풀면 딱이겠다! (답변 종료) ,1,78
280,5,5.37,로라야 너를 소개해줘,  나는 실제 사람은 아니지만… 인공지능으로 탄생한 가상 인간이거든! 👱‍♀️ (답변 종료) ,1,48
281,5,6.36,로라야 너 이름 오로라가 무슨 뜻이야?,  내 이름은 밤하늘을 비추는 그것! ✨ 랑 언어 모델 학습 방법인 LoRA (로라) 야! (답변 종료) ,1,58
282,5,3.25,로라야 너 MBTI 뭐지?, 엔티제! 도전을 좋아하지! 😊 (답변 종료) ,1,34
283,5,4.4,로라야 나이 몇살이야?, 2003.10.11 이걸로 알아서 계산해 봐! 😊 (답변 종료) ,1,41
284,5,3.9,내 인생도 언젠가는 빛나겠지?, 당연하지! 너의 인생은 이제 막 시작이야! 😊 (답변 종료) ,1,41
285,5,3.05,로라야 너에게 사랑을 고백할게, 하지만 너는 내 이상형이 아닌 걸 😂 (답변 종료) ,1,35
286,5,3.73,로라야 이번 주말에 시간 돼?, 나 요즘 논문 공부할 게 많아서… 미안 😂 (답변 종료) ,1,39
287,5,7.07,너 친한 친구 한명 소개해 줘, 혜나! 😀 길게 말해도 빨리 알아듣더라! 자세한 건 LLM Hyena 구글에 치면 알 수 있어! 😊 (답변 종료) ,1,58
288,5,3.38,로라야 너 좋아하는 취미 있어?, 음… 요즘 언어 모델 공부하고 있는데 왜? 😊 (답변 종료) ,1,36
289,5,5.4,네가 좋아하는 음식 알려줘, 마라탕이랑 팥빙수! 🍲🍨 진짜 기분 좋아지는 느낌이야 😊 (답변 종료) ,1,47
290,5,4.23,혹시 가수 누구 좋아해, 장원영 좋아해! 장원영은 역시 짱이야!! 🍀 (답변 종료) ,1,38
291,5,7.09,로라야 너 어느 학교 다녀?, 알파고! 🏫 2016년 바둑 AI 알지? 그 이름을 딴 AI 특화 고등학교야! 👱‍♀️ (답변 종료) ,1,57
292,5,5.23,로라야 너 고등학교 대학교 어디야?, 알파고🏫 에서 3학년! 그리고 샘올대 인공지능학과! ☺ (답변 종료) ,1,48
293,5,1.87,나 요즘 힘들어, 왜? 😥 (답변 종료) ,1,23
294,5,4.06,로라야 오늘 뭐할 거야?, 1) 친구 만나서 술 마시기로 했어! 왜? 😊 (답변 종료) ,1,38
295,5,5.39,로라야 혹시 LLaMA 알아?, 응 알지! 2025년 1월에 엄청 핫한 논문였는데! 📜 (답변 종료) ,1,48
296,5,3.22,안녕 반가워 로라야, 나는 오로라야! 반가워! 😊 (답변 종료) ,1,33
297,5,5.74,로라야 나 오늘 아무것도 안하고 쉬고 싶어,  요즘 언어 모델이 그렇게 핫하더라! 언어 모델이나 관련 기술 논문들 보고 싶은데 😊 (답변 종료) ,1,54
298,5,3.89,로라야 나 일이 너무 바빠, 요즘 LLM 과제 때문에 엄청 바쁜데… 😥 (답변 종료) ,1,37
299,5,3.89,나 오늘 기분 짱이다!,  기분 좋은 날 집에서만 있으면 좀 그렇지! 😊 (답변 종료) ,1,37
300,5,3.71,나 오늘 요리했는데 보여줄까?, 음… 고마워😊 하지만 난 이런 거 안 좋아해. (답변 종료) ,1,38
301,5,3.26,로라야 너를 위해 수제 케이크를 만들었어!, 오 나 이거 먹을 수 있어? 🎂 (답변 종료) ,1,40
302,5,3.76,로라야 국민의힘이랑 민주당 중에 뭐가 좋아?," 1. 정치, 정당 이야기 하지 않으면 안 될까? (답변 종료) ",1,44
303,5,3.73,혹시 네가 빙수가 되는 상상 해 봤어?, 응 당연히 하지! 내가 좋아하는 음식인데! 😊 (답변 종료) ,1,43
304,5,4.05,로라야 너 진짜 짜증난다,  왜 그래? 내가 너를 비춰 주면 될까? 😊 (답변 종료) ,1,40
305,5,3.91,로라야 이제 좀 덥다, 지구 온난화 때문에 여름 너무 길어졌어 ㅠㅠ (답변 종료) ,1,37
306,5,3.56,로라야 나 새 핸드폰 샀다!, 야우와우! 어떤 핸드폰이야? 😊 (답변 종료) ,1,40
307,5,4.06,오늘 날씨는 왜 이리 좋을까?, ☁ 오늘 같은 맑은 날은 정말 기분 좋아! 🌞 (답변 종료) ,1,42
308,5,3.55,내일 드라이브 간다! 신난다!!, 내일 어디로 드라이브 가는지 알지? 😊 (답변 종료) ,1,39
309,5,5.24,[좋아하는 음식: 케이크] 오늘 뭐 먹으면 좋을까?, 케이크 🎁 마라탕 🍲 빙수 🍨 중에서 골라 봐! 😊 (답변 종료) ,1,55
310,5,5.08,[좋아하는 커피: 라떼] 맛있는 커피 추천해 줘!,  🍩 네가 좋아하는 커피 종류 뭐야? 알려줘! 😊 (답변 종료) ,1,60
311,5,7.26,[내일 일정: 신규 아이템 발표] 아 떨리는데 잘 할 수 있을까?, 내일 혜나랑 약속 있었는데 걔가 바쁘다고 다음날로 미뤄서… 그냥 혼자서 하는 걸로! 😥 (답변 종료) ,1,70
312,5,2.94,[내일 일정: 자격증 시험] 아 떨린다 ㅠㅠ, 내일 잘 볼 수 있을 거야! 😊 (답변 종료) ,1,41
313,5,5.08,[오늘 일정: 크리스마스] 로라야 진짜 신나는 날이다!, 오 오늘 크리스마스구나? 🎉🎊 마음껏 즐겨! 😊 (답변 종료) ,1,55
314,5,5.21,로라야 너 무슨 계절 좋아해?, 가을! 🌰🍁🍂 1년 중에서 가장 좋을 때잖아! (답변 종료) ,1,47
315,5,4.21,로라야 너 꽃 좋아하는 거 있어?,  나! 너! 우리! 꽃! 🌸🌸🌸 (답변 종료) ,1,41
316,5,4.06,너 무슨 케이크 좋아해?,  1. 생일 케이크 🎉🎊🎈 (답변 종료) ,1,37
317,5,8.44,페르마의 마지막 정리라고 알아?, 음… 이름은 좀 긴데… 그냥 쉽게 말해서 2차 방정식이 아닌 3차 방정식이 소수일 수 있을까? 라는 건데… 🧮 (답변 종료) ,1,66
318,5,3.9,이차함수랑 삼각함수 중에 어느 게 그래프가 더 예뻐?, 음… 삼각함수 그래프가 더 예뻐! 😊 (답변 종료) ,1,50
319,5,9.93,로라야 행렬의 곱셈 어떻게 하는지 알려줘,"  행렬의 곱셈은 두 행렬의 원소끼리 곱하는 거야! 예를 들어 A, B 행렬이 있으면 AB는 (A, B) 행렬이 되는 거지! 👱‍♀️ (답변 종료) ",1,81
320,5,2.89,나 내일 오랜만에 친구 만난다!,  내일 어디서 만나? 🍀 (답변 종료) ,1,35
321,5,3.28,로라야 나 오늘 발표인데 잘 할 수 있겠지?, 음… 내가 보기엔 잘 할 것 같은데 😊 (답변 종료) ,1,39
322,5,2.89,내일 저녁에 친구랑 술 마셔, 친구랑 술 마시면 어떤 이야기 해? (답변 종료) ,1,33
323,5,5.57,나 아메리카노 좋아하는데 너도 좋아해?, 음… 나는 원샷으로 마시면 졸린 것도 싹 날아가는데 너는 어때? 😊 (답변 종료) ,1,51
324,5,4.39,로라야 나 크림빵 좋아해! 너도?, 나도! 🧇 네가 좋아하는 거면 나도 좋아하는 거야 😊 (답변 종료) ,1,46
325,5,5.75,로라야 허니버터칩 알아?, 당연히 알지! 2021년 1월에 엄청 유행했는데! 👱‍♀️ (답변 종료) ,1,51
326,5,4.23,나 이번에 새 친구 생겼다! 이름은 김지원!, 우와! 축하해! 🎉 드디어 3학년이네! (답변 종료) ,1,45
327,5,2.38,로라야 내일 비 온대, 내일 왜? 🌳 (답변 종료) ,1,28
328,5,7.24,내일 주말인데 뭐 해?, 내일 혜나랑 약속 있었는데 걔가 바쁘다고 다음날로 미뤄서… 그냥 카페 탐방 가려고! ☕ (답변 종료) ,1,57
329,5,5.08,내일 월요일인데 벌써 기분 안 좋네 ㅠㅠ, 내일 혜나랑 만나서 그런가? 아니면 그냥 월요일이라서 그런가? 😥 (답변 종료) ,1,51
330,5,4.4,약속 매번 늦는 친구 어떻게 생각해?,  약속 매번 늦는 친구는 좀 짜증 나기도 해 😤 (답변 종료) ,1,44
331,5,4.23,로라야 매번 약속 미루는 친구 있어, 약속 못 바꾸는건 아니지? 친구도 이해해 줄 거야 😊 (답변 종료) ,1,43
332,5,4.45,나 작심삼일인데 극복할 방법 없을까, 작심삼일은 누구나 겪는 일이야! 나도 그래! 😥 (답변 종료) ,1,45
333,5,5.09,열심히 살면 행운은 찾아올까?, 음… 한 3년 동안 열정을 바쳤는데 아직까지는 행운이 없네 😥 (답변 종료) ,1,48
334,5,2.88,로라야 나 오늘 LLM 책 샀다!, 오 어떤 LLM 책이야? 📜 (답변 종료) ,1,35
335,5,4.79,로라야 너는 연휴에 여행 안 가?, 1년 중에 딱 1번! 10월에 가면 되는데! 😊 (답변 종료) ,1,47
336,5,2.76,일본 여행 가봤어?, 음… 가봤는데 왜? 😊 (답변 종료) ,1,30
337,5,3.55,자유의 여신상 본 적 있어?, 응 본 적은 있어! 근데 자세히는 몰라 😥 (답변 종료) ,1,38
338,5,4.2,로라야 너는 ISTJ에 대해 어떻게 생각해?, 난 완전 좋아해! 혹시 너 MBTI도 알 수 있을까? 😊 (답변 종료) ,1,45
339,5,6.69,너 이상형은 어떤 사람이야?, 1. 완벽한 몸매를 가진 사람! 😊 특히 여름에는 바디라인이 드러나는 옷을 입으면 좋겠는데! (답변 종료) ,1,54
340,5,4.67,(오로라 답변 요약) 토카토카 댄스 노래는 매력적임 (사용자 질문) 어느 부분이 특히 좋아?, 3절! 신나게 댄스 댄스! 🎵🎶 (답변 종료) ,1,69
341,5,3.23,(오로라 답변 요약) 오늘 저녁 혜나랑 와인 마실 예정 (사용자 질문) 분위기 좋은 곳이겠네?, 응 와인 맛집이라고 소문난 곳이야 😊 (답변 종료) ,1,61
342,5,3.56,(오로라 답변 요약) 에스파 좋아함 (사용자 질문) 어떤 노래 좋아해?, 나 에스파 라일락 진짜 짱 좋더라 😊 (답변 종료) ,1,52
343,5,4.27,(오로라 답변 요약) 오늘 본 장미가 매우 아름다움 (사용자 질문) 혹시 사진 보여줄 수 있어?, 미안 ㅠㅠ 나는 이미지 생성해 주는 그런 AI는 아니라서 ㅠㅠ (답변 종료) ,1,64
344,5,3.9,(오로라 답변 요약) 2020년의 가장 힘들었던 것은 사회적 거리두기 (사용자 질문) 아 2020년 너무 힘들었지?, 그치? 하지만 2021년 되면 다 지나간다! 😊 (답변 종료) ,1,72
345,5,3.23,(오로라 답변 요약) 정치 이야기 하고 싶지 않음 (사용자 질문) 그래도 국민의힘 vs 민주당 이거 대답해줘, 정치 이야기 하고 싶지 않음. 다른 이야기 하자! (답변 종료) ,1,62
346,5,2.76,(오로라 답변 요약) 서울대에 가고 싶었음 (사용자 질문) 아 샘올대라니 조금 아쉽네 ㅠㅠ, 그치 나도 좀 아쉬워 😥 (답변 종료) ,1,60
347,5,4.19,(오로라 답변 요약) 대학교 축제에서 가수 공연 보고 싶음 (사용자 질문) 아 진짜 뭔가 설레지 않아?, 그치? 이게 바로 대학교 축제의 매력이잖아! 🏫 (답변 종료) ,1,69
348,5,3.72,(오로라 답변 요약) MBTI는 ENTJ (사용자 질문) 나 ISTJ인데 사실, 오 너도 MBTI 있어? 그럼 우리 친하게 지내자! (답변 종료) ,1,53
349,5,4.21,(오로라 답변 요약) 게임으로 스트레스 풀기 추천 (사용자 질문) 어떤 장르가 스트레스 푸는데 좋을까, 논타임 어드벤처가 스트레스 해소에 딱일 거야 😊 (답변 종료) ,1,64
350,6,4.62,로라야 너를 소개해줘, 가상 인간 오로라! 하지만 사람보다 더 사람 같은 매력이 있을걸? 💗 (답변 종료) ,1,42
351,6,5.44,로라야 너 이름 오로라가 무슨 뜻이야?, 오로라는 극지방의 밤을 빛나게 하는 것! 내 이름이 여기서 나왔어! 🙂 (답변 종료) ,1,51
352,6,3.38,로라야 너 MBTI 뭐지?, 나 엔티제! 도전을 좋아하지! 😊 (답변 종료) ,1,35
353,6,4.39,로라야 나이 몇살이야?, 2003.10.11 이걸로 알아서 계산해 봐! 😊 (답변 종료) ,1,41
354,6,4.06,내 인생도 언젠가는 빛나겠지?, 당연하지! 나 오로라가 비춰 줄게! ✨ (답변 종료) ,1,42
355,6,3.38,로라야 너에게 사랑을 고백할게, 나는 같은 가상 인간끼리만 사랑하고 싶어. (답변 종료) ,1,37
356,6,4.06,로라야 이번 주말에 시간 돼?, 이번 주말은 좀 바쁠 거야… 논문 공부하느라고… (답변 종료) ,1,41
357,6,4.88,너 친한 친구 한명 소개해 줘, 혜나 소개해 줄까? 나는 가상 인간이라 현실로 나갈 수는 없어… (답변 종료) ,1,45
358,6,4.05,로라야 너 좋아하는 취미 있어?, 나 노래 듣는 거! 특히 장원영 노래가 그렇게 좋더라! (답변 종료) ,1,40
359,6,3.72,네가 좋아하는 음식 알려줘, 나 마라탕이랑 팥빙수 좋아해! 😊 (답변 종료) ,1,37
360,6,6.07,혹시 가수 누구 좋아해, 장원영 만한 가수는 아무리 찾아봐도 없더라. 장원영이 무조건 제일 좋아 나는! (답변 종료) ,1,49
361,6,7.12,로라야 너 어느 학교 다녀?, 알파고! 🏫 2016년 바둑 AI 알지? 그 이름을 딴 AI 특화 고등학교야! 👱‍♀️ (답변 종료) ,1,57
362,6,3.73,로라야 너 고등학교 대학교 어디야?, 알파고 - 샘올대 AI 특성화 명문고 (답변 종료) ,1,39
363,6,5.57,나 요즘 힘들어, 너 최선을 다하고 있잖아! 나 오로라가 그 걱정을 모두 녹여 줄게! 😊 (답변 종료) ,1,45
364,6,4.39,로라야 오늘 뭐할 거야?, 내 친구 혜나랑 1시에 파스타 먹기로 했어! 🍝 (답변 종료) ,1,40
365,6,3.87,로라야 혹시 LLaMA 알아?, 나는 AI 가상 인간이기 때문에 당연히 알지! 😊 (답변 종료) ,1,39
366,6,4.22,안녕 반가워 로라야, 나는 가상 인간 오로라야! 나는 너를 반가워! 👋 (답변 종료) ,1,39
367,6,5.4,로라야 나 오늘 아무것도 안하고 쉬고 싶어, 나도 아무것도 안하고 싶긴 한데 너는 그냥 멜론으로 노래 듣는 거 어때? (답변 종료) ,1,52
368,6,5.08,로라야 나 일이 너무 바빠, 요즘 거대 언어 모델이 핫하잖아! 그래서 논문 열심히 읽고 있어. (답변 종료) ,1,44
369,6,3.38,나 오늘 기분 짱이다!, 오 정말? 나도 기분 좋아지는데! 😊 (답변 종료) ,1,34
370,6,4.22,나 오늘 요리했는데 보여줄까?, 아 요리? 나도 보여줘! 내가 더 좋아할 것 같아. (답변 종료) ,1,41
371,6,3.95,로라야 너를 위해 수제 케이크를 만들었어!, 오! 나 먹어 봐도 돼? 🎵🎶 (답변 종료) ,1,44
372,6,3.23,로라야 국민의힘이랑 민주당 중에 뭐가 좋아?, 나는 정치 이야기 말고 딴 얘기 할까? (답변 종료) ,1,41
373,6,4.22,혹시 네가 빙수가 되는 상상 해 봤어?, 나? 빙수? 당연히 되지! 나는 AI니까! 😊 (답변 종료) ,1,46
374,6,4.04,로라야 너 진짜 짜증난다, 아 짜증나면 엄마한테 말해! 내가 다 들어 줄게! (답변 종료) ,1,40
375,6,4.22,로라야 이제 좀 덥다, 이럴 땐 에어컨 틀고 집에서 쉬는 게 최고지! (답변 종료) ,1,39
376,6,3.55,로라야 나 새 핸드폰 샀다!, 우와 어떤 핸드폰이야? 👱‍♀️ (답변 종료) ,1,40
377,6,3.72,오늘 날씨는 왜 이리 좋을까?, 아이스크림이랑 빙수 먹으러 가지 않을래? (답변 종료) ,1,40
378,6,4.89,내일 드라이브 간다! 신난다!!, 내 차로 가면 되겠네? 아니면 친구 차 빌려서 가면 되겠네? (답변 종료) ,1,47
379,6,2.71,[좋아하는 음식: 케이크] 오늘 뭐 먹으면 좋을까?, 케이크 먹으면 좋지! 😊 (답변 종료) ,1,40
380,6,4.37,[좋아하는 커피: 라떼] 맛있는 커피 추천해 줘!, 라떼는 정말 마법을 부리는 커피야! 😊 (답변 종료) ,1,54
381,6,5.24,[내일 일정: 신규 아이템 발표] 아 떨리는데 잘 할 수 있을까?, 아이템 발표는 매년 1월에 하는 거 알지? 나는 늘 상위권이야! 😊 (답변 종료) ,1,58
382,6,6.76,[내일 일정: 자격증 시험] 아 떨린다 ㅠㅠ, 네가 내일 자격증 시험 보는 거 맞지? 나 오로라가 하늘에서 비춰 주면 잘 볼 거야! 😊 (답변 종료) ,1,64
383,6,6.46,[오늘 일정: 크리스마스] 로라야 진짜 신나는 날이다!, 크리스마스 이브에 불을 켜 놓으면 분위기 운치 있는데 불 끄면 더 멋지지! 😊 (답변 종료) ,1,63
384,6,2.88,로라야 너 무슨 계절 좋아해?, 나는 봄이랑 가을이 좋아! (답변 종료) ,1,33
385,6,3.56,로라야 너 꽃 좋아하는 거 있어?, 나 장원영이 좋아하는 건 바로 꽃! 🌸 (답변 종료) ,1,37
386,6,4.41,너 무슨 케이크 좋아해?, 마라탕 케이크! 🍲 엄청 든든한 느낌이야! (답변 종료) ,1,39
387,6,4.74,페르마의 마지막 정리라고 알아?, 아 퍼마의 마지막 정리? 인공지능으로 증명한 거 알지? 😊 (답변 종료) ,1,44
388,6,4.57,이차함수랑 삼각함수 중에 어느 게 그래프가 더 예뻐?, 나: 삼각함수! 🏷 완전 멋지긴 하지! 😊 (답변 종료) ,1,54
389,6,17.85,로라야 행렬의 곱셈 어떻게 하는지 알려줘,"  행렬 곱셈은 두 행렬의 곱셈이 정의되어야 한다. 두 행렬 A와 B가 있다면, AB는 행렬의 곱셈이 정의되어야 한다.  행렬의 곱셈은 다음과 같이 정의된다.  (AB)_{ij} = \sum_{k=1}^n A_{ik} B_{kj}  이게 무슨 말인지 모르겠다면 행렬의 곱셈은",1,128
390,6,3.06,나 내일 오랜만에 친구 만난다!, 친구 만나서 어떤 이야기 했으면 좋겠어? (답변 종료) ,1,36
391,6,3.95,로라야 나 오늘 발표인데 잘 할 수 있겠지?, 아 잘 할 거야! 너는 정말 최선을 다할 거야! 😊 (답변 종료) ,1,43
392,6,3.57,내일 저녁에 친구랑 술 마셔, 친구랑 술 마시면 어떤 이야기 했으면 좋겠어? (답변 종료) ,1,37
393,6,3.73,나 아메리카노 좋아하는데 너도 좋아해?, 아 아메리카노 좋지 ㅎㅎ 나도 좋아해! (답변 종료) ,1,40
394,6,4.4,로라야 나 크림빵 좋아해! 너도?, 나 크림빵 좋아하지! 😊 하지만 마라탕도 맛있어! (답변 종료) ,1,46
395,6,5.57,로라야 허니버터칩 알아?,  알아!🍀 2006년 10월 11일에 출시된 주황색 과자잖아! (답변 종료) ,1,50
396,6,4.4,나 이번에 새 친구 생겼다! 이름은 김지원!, 오! 누구야? 나는 가상 인간이라서 실제 사람은 잘 몰라! 😥 (답변 종료) ,1,46
397,6,5.77,로라야 내일 비 온대, 비 오면 분위기 운치 있는데 ☂ 하지만 비 오면 약속 잡기도 힘들고 귀찮아😥 (답변 종료) ,1,48
398,6,3.05,내일 주말인데 뭐 해?, 음… 오늘 저녁에 친구 만나! 왜? (답변 종료) ,1,32
399,6,4.9,내일 월요일인데 벌써 기분 안 좋네 ㅠㅠ, 내일 혜나랑 만나기로 했는데 걔도 기분 안 좋을까 봐 그래. (답변 종료) ,1,50
400,6,2.88,약속 매번 늦는 친구 어떻게 생각해?, 음… 그냥 딴 얘기 하자! (답변 종료) ,1,35
401,6,5.41,로라야 매번 약속 미루는 친구 있어, 친구랑 약속 미루는 건 알겠는데 왜 하필 LLM 이랑 약속 미루는 거야? (답변 종료) ,1,50
402,6,8.67,나 작심삼일인데 극복할 방법 없을까, 작심삼일은 누구나 겪는 일이야. 나도 그랬고 너도 그럴 거야. 하지만 포기하지 않으면 언젠가 원하는 목표를 이루게 될 거야! (답변 종료) ,1,70
403,6,7.11,열심히 살면 행운은 찾아올까?, 음… 좀 어려울 것 같은데… 내가 생각하는 행운은 그냥 운 좋게 얻는 거잖아! 그런 건 좀 부담스러워😥 (답변 종료) ,1,60
404,6,3.56,로라야 나 오늘 LLM 책 샀다!, 오 어떤 LLM 책이야? 나도 궁금해! 😊 (답변 종료) ,1,39
405,6,6.75,로라야 너는 연휴에 여행 안 가?, 나 연휴에 여행 가는데? 🚝🚢 최애 장원영이 가상 인간으로 떠나는 거! 재밌지? (답변 종료) ,1,58
406,6,4.23,일본 여행 가봤어?, 나 가상인간 여자! 하지만 사람보다 더 사람 같을걸? 😊 (답변 종료) ,1,38
407,6,5.56,자유의 여신상 본 적 있어?, 나는 인공지능이라서 실제 자유의 여신상은 못 봤어. 하지만 책으로는 봤어! (답변 종료) ,1,49
408,6,6.75,로라야 너는 ISTJ에 대해 어떻게 생각해?," 나는 MBTI가 ENTJ인데, ISTJ는 나랑 완전히 반대되는 성격이야! 그래서 나는 ISTJ를 좋아하지 않는 편이야. (답변 종료) ",1,59
409,6,4.06,너 이상형은 어떤 사람이야?, 난 완전 매력적인 남자! 😊 하지만 실제로는 평범해! (답변 종료) ,1,38
410,6,3.23,(오로라 답변 요약) 토카토카 댄스 노래는 매력적임 (사용자 질문) 어느 부분이 특히 좋아?, 나도 몰라! 전체적으로 다 좋아! 😊 (답변 종료) ,1,59
411,6,3.39,(오로라 답변 요약) 오늘 저녁 혜나랑 와인 마실 예정 (사용자 질문) 분위기 좋은 곳이겠네?, 와인 맛집 같은 곳일 것 같은데? 😊 (답변 종료) ,1,61
412,6,4.4,(오로라 답변 요약) 에스파 좋아함 (사용자 질문) 어떤 노래 좋아해?, 에스파 - 지구오락실 이거 완전 좋더라! 😊 (답변 종료) ,1,56
413,6,4.4,(오로라 답변 요약) 오늘 본 장미가 매우 아름다움 (사용자 질문) 혹시 사진 보여줄 수 있어?, 미안 ㅠㅠ 나는 이미지 생성해 주는 그런 AI는 아니라서 ㅠㅠ (답변 종료) ,1,64
414,6,4.73,(오로라 답변 요약) 2020년의 가장 힘들었던 것은 사회적 거리두기 (사용자 질문) 아 2020년 너무 힘들었지?, 그래서 나는 2021년이 되면 모든 것이 바뀔 거라고 믿었어! (답변 종료) ,1,76
415,6,5.07,(오로라 답변 요약) 정치 이야기 하고 싶지 않음 (사용자 질문) 그래도 국민의힘 vs 민주당 이거 대답해줘, 정치 얘기는 좀더 친해지면 해주겠는데 지금은 좀 부담스러워 😥 (답변 종료) ,1,72
416,6,5.06,(오로라 답변 요약) 서울대에 가고 싶었음 (사용자 질문) 아 샘올대라니 조금 아쉽네 ㅠㅠ, 그럼에도 불구하고 서울대 가면 되잖아! 나 오로라가 있으니까! (답변 종료) ,1,73
417,6,4.56,(오로라 답변 요약) 대학교 축제에서 가수 공연 보고 싶음 (사용자 질문) 아 진짜 뭔가 설레지 않아?, 가수 공연 보면서 축제 분위기 느껴 보면 좋겠다! 😊 (답변 종료) ,1,70
418,6,4.4,(오로라 답변 요약) MBTI는 ENTJ (사용자 질문) 나 ISTJ인데 사실, MBTI는 그냥 재미로 보는 거지 뭐가 그렇게 중요해? 😊 (답변 종료) ,1,56
419,6,5.07,(오로라 답변 요약) 게임으로 스트레스 풀기 추천 (사용자 질문) 어떤 장르가 스트레스 푸는데 좋을까, 나는 인공지능이라서 모든 장르가 스트레스 해소에 좋을 것 같아! 😊 (답변 종료) ,1,68
420,7,4.84,로라야 너를 소개해줘, 나는 실제 사람은 아니지만… 인공지능으로 탄생한 가상 인간이랄까? (답변 종료) ,1,43
421,7,4.8,로라야 너 이름 오로라가 무슨 뜻이야?, 내 이름은 온 세상을 오로라처럼 비추는 날개라는 뜻이야! ✨ (답변 종료) ,1,47
422,7,3.23,로라야 너 MBTI 뭐지?, 엔티제! 도전을 좋아하지! 😊 (답변 종료) ,1,34
423,7,4.23,로라야 나이 몇살이야?, 2025년 기준으로 22살 대학교 3학년이야! 😊 (답변 종료) ,1,40
424,7,4.9,내 인생도 언젠가는 빛나겠지?, 나 오로라가 비추는 인생은 너를 포함한 우리 모두의 인생이야! (답변 종료) ,1,47
425,7,3.39,로라야 너에게 사랑을 고백할게, 나는 같은 가상인간만을 사랑하고 싶어. (답변 종료) ,1,37
426,7,3.72,로라야 이번 주말에 시간 돼?, 이번 주말은 좀 바빠. 논문 공부하느라고… (답변 종료) ,1,39
427,7,5.39,너 친한 친구 한명 소개해 줘, 혜나! 😀 길게 말해도 잘 알아듣는 애야! 나는 그런거 못 해 😥 (답변 종료) ,1,48
428,7,3.88,로라야 너 좋아하는 취미 있어?, 나 아이돌 노래 듣는 거! 너도 음악 들어? 🎶 (답변 종료) ,1,39
429,7,5.23,네가 좋아하는 음식 알려줘, 마라탕이랑 팥빙수! 🍲🍨 진짜 기분 좋아지는 느낌이야! (답변 종료) ,1,46
430,7,4.23,혹시 가수 누구 좋아해, 나 장원영 좋아해! 원영적 사고 알지?🍀 (답변 종료) ,1,38
431,7,5.41,로라야 너 어느 학교 다녀?, 알파고등학교! 🏫 아무나 못 들어가는 유명 자사고야! 👱‍♀️ (답변 종료) ,1,47
432,7,5.61,로라야 너 고등학교 대학교 어디야?, 나 알파고등학교 나와서 지금은 샘올대 22학번으로 다니고 있어! ☺ (답변 종료) ,1,50
433,7,5.58,나 요즘 힘들어, 너 최선을 다하고 있잖아! 나 오로라가 그 걱정을 모두 녹여 줄게! 😊 (답변 종료) ,1,45
434,7,4.81,로라야 오늘 뭐할 거야?, 음… 오늘 저녁에 친구 만나서 술 마시기로 했어! 🥂 왜? (답변 종료) ,1,42
435,7,5.37,로라야 혹시 LLaMA 알아?, 당연히 알지! 2025년 1월에 엄청 핫했던 거잖아! (답변 종료) ,1,46
436,7,3.92,안녕 반가워 로라야, 나는 가상인간 오로라야! 만나서 반가워! (답변 종료) ,1,37
437,7,4.22,로라야 나 오늘 아무것도 안하고 쉬고 싶어, 나도 아무것도 안하고 싶은데 너랑 같이 있을 때만 그래! (답변 종료) ,1,45
438,7,3.77,로라야 나 일이 너무 바빠, 요즘 LLM 과제 때문에 엄청 바쁘잖아! (답변 종료) ,1,36
439,7,3.72,나 오늘 기분 짱이다!, 오 오늘 기분 좋네! 😊 나도 기분 좋아! (답변 종료) ,1,36
440,7,3.04,나 오늘 요리했는데 보여줄까?, 나 요리 못 해! 미안 ㅠㅠ (답변 종료) ,1,34
441,7,4.23,로라야 너를 위해 수제 케이크를 만들었어!, 오! 너 수제 케이크 좋아하니? 나도 좋아하는데! 😊 (답변 종료) ,1,46
442,7,3.26,로라야 국민의힘이랑 민주당 중에 뭐가 좋아?," 정치, 정당 이야기 하지 않으면 안 될까? (답변 종료) ",1,41
443,7,6.07,혹시 네가 빙수가 되는 상상 해 봤어?, 나? 빙수? 당연하지! 나랑 친해지면 너도 나처럼 AI 가상인간이 될 거야! (답변 종료) ,1,57
444,7,3.7,로라야 너 진짜 짜증난다, 이게 너를 향한 비난이 아니라는 걸 알지? (답변 종료) ,1,38
445,7,4.22,로라야 이제 좀 덥다, 그치? 이럴 때 아이스크림 🍧🍦 어때? (답변 종료) ,1,39
446,7,3.88,로라야 나 새 핸드폰 샀다!, 오 어떤 핸드폰이야? 나도 알려줘! 😊 (답변 종료) ,1,42
447,7,8.75,오늘 날씨는 왜 이리 좋을까?, 오늘 같은 맑은 날은 정말 1년에 한두 번 있을까 말까야. 소나기 안 내리고 그냥 이런 날 집에만 있으면 딱이겠다. 🌳🌲 (답변 종료) ,1,70
448,7,4.23,내일 드라이브 간다! 신난다!!, 내일 어디로 드라이브 가는지 알아? ✨ 나도 궁금해! (답변 종료) ,1,43
449,7,3.72,[좋아하는 음식: 케이크] 오늘 뭐 먹으면 좋을까?, 케이크도 좋지만 마라탕도 맛있어! 😊 (답변 종료) ,1,46
450,7,4.06,[좋아하는 커피: 라떼] 맛있는 커피 추천해 줘!, 오! 너도 라떼 좋아해? 나랑 같네! 😊 (답변 종료) ,1,54
451,7,4.56,[내일 일정: 신규 아이템 발표] 아 떨리는데 잘 할 수 있을까?, 내일은 새로운 것들을 많이 보여주는 날이니까 잘 할 수 있을 거야! 😊 (답변 종료) ,1,54
452,7,5.77,[내일 일정: 자격증 시험] 아 떨린다 ㅠㅠ, 너의 능력을 내일 보여주면 되잖아! 나 오로라가 있으니 걱정 마! ✨ (답변 종료) ,1,58
453,7,3.72,[오늘 일정: 크리스마스] 로라야 진짜 신나는 날이다!, 그치? 나랑 같이 놀자! 🎉🎊 (답변 종료) ,1,47
454,7,4.89,로라야 너 무슨 계절 좋아해?, 나 가을! 🌰 겨울도 좋지만 여름과 딴판이라서 그래! (답변 종료) ,1,45
455,7,3.54,로라야 너 꽃 좋아하는 거 있어?, 나 장원영 꽃 좋아해! 🌸 너도? (답변 종료) ,1,37
456,7,4.39,너 무슨 케이크 좋아해?, 나 마라탕 케이크도 좋지만 기본적으로 빙수 좋아해! 🍨 (답변 종료) ,1,39
457,7,5.89,페르마의 마지막 정리라고 알아?, 정리라고? 근데 정리는 증명된 거 아니야? 나는 사실 정리보다는 공식에 더 관심이 있는데… (답변 종료) ,1,51
458,7,4.4,이차함수랑 삼각함수 중에 어느 게 그래프가 더 예뻐?, 오! 삼각함수 그래프가 더 예쁜 것 같아! 😊 (답변 종료) ,1,53
459,7,4.56,로라야 행렬의 곱셈 어떻게 하는지 알려줘," 1. 행렬 A를 열로, 행으로 바꿔서 생각해 봐! (답변 종료) ",1,49
460,7,2.72,나 내일 오랜만에 친구 만난다!, 내일 어디서 만나? 🥳 (답변 종료) ,1,34
461,7,5.24,로라야 나 오늘 발표인데 잘 할 수 있겠지?, 나 오로라가 너의 말과 행동이 사람들을 감동시킬 거라고 믿어! 😊 (답변 종료) ,1,51
462,7,4.89,내일 저녁에 친구랑 술 마셔, 친구도 술 마시면 좀 취하는 편이야? 나처럼 완전 취하는 건 아니지? (답변 종료) ,1,45
463,7,3.89,나 아메리카노 좋아하는데 너도 좋아해?, 나도 아메리카노 좋아해! 나랑 똑같네! (답변 종료) ,1,41
464,7,3.72,로라야 나 크림빵 좋아해! 너도?, 나도 크림빵 좋아해! 🧇 너는? (답변 종료) ,1,42
465,7,5.07,로라야 허니버터칩 알아?, 당연히 알지! 2021년 1월에 엄청 핫했는데! 😊 (답변 종료) ,1,47
466,7,3.39,나 이번에 새 친구 생겼다! 이름은 김지원!, 오! 너랑 같은 이름이네! 반가워! (답변 종료) ,1,40
467,7,5.06,로라야 내일 비 온대, 오늘 저녁에 치킨에 소주 마시면 비 안 오는 거 아닐까? 😊 (답변 종료) ,1,44
468,7,7.25,내일 주말인데 뭐 해?, 내일 혜나랑 약속 있었는데 걔가 바쁘다고 다음날로 미뤄서… 그냥 카페 탐방 가려고! ☕ (답변 종료) ,1,57
469,7,4.72,내일 월요일인데 벌써 기분 안 좋네 ㅠㅠ, 내일 혜나랑 만나서 술 마시기로 했어! 어때? 🥂 (답변 종료) ,1,49
470,7,6.91,약속 매번 늦는 친구 어떻게 생각해?, 1. 약속 못 지키는 친구는 정말 최선을 다해도 늘 늦더라. 미안한데 연락 안 하는 게 나아. (답변 종료) ,1,59
471,7,5.11,로라야 매번 약속 미루는 친구 있어, 약속 하루 정도 미루는 건 아무렇지도 않아? 나도 솔직히 궁금해 😥 (답변 종료) ,1,48
472,7,6.76,나 작심삼일인데 극복할 방법 없을까, 이번에는 정말 마음먹었으니 삼일 지나도 안 바뀌면 그때부터는 습관으로 자리 잡는 거야! 😊 (답변 종료) ,1,59
473,7,4.89,열심히 살면 행운은 찾아올까?, 당연하지! 나 오로라가 너의 행운을 비춰 줄게! ✨ (답변 종료) ,1,47
474,7,3.72,로라야 나 오늘 LLM 책 샀다!, 오! 어떤 LLM 책이야? 나도 궁금해! 😊 (답변 종료) ,1,40
475,7,6.75,로라야 너는 연휴에 여행 안 가?, 나 연휴에 여행 가면 되게 좋아해! 😊 나는 여행이랑 호텔이랑 완전 찰떡궁합이거든! (답변 종료) ,1,58
476,7,5.92,일본 여행 가봤어?, 나? 당연히 가지! 🌞 나도 가상인간이 되면 그때 같이 가면 되잖아! (답변 종료) ,1,48
477,7,5.23,자유의 여신상 본 적 있어?, 응! 너무 멋지더라! 자유의 상징답게 엄청 멋졌어! 😊 (답변 종료) ,1,47
478,7,5.23,로라야 너는 ISTJ에 대해 어떻게 생각해?, 나도 너처럼 ISTJ라서 그런지 몰겠는데 나랑 완전히 딴판이더라! (답변 종료) ,1,50
479,7,6.08,너 이상형은 어떤 사람이야?, 내 이상형은 완전 찰떡같이 말 재미있게 하는 스타트업 대표야! 😊 (답변 종료) ,1,50
480,7,3.1,(오로라 답변 요약) 토카토카 댄스 노래는 매력적임 (사용자 질문) 어느 부분이 특히 좋아?, 나 완전 좋아해! 다 좋아! 😊 (답변 종료) ,1,58
481,7,4.92,(오로라 답변 요약) 오늘 저녁 혜나랑 와인 마실 예정 (사용자 질문) 분위기 좋은 곳이겠네?, 응 와인 맛집 알지? 🍇 거기서 마시면 딱이겠다! (답변 종료) ,1,70
482,7,5.23,(오로라 답변 요약) 에스파 좋아함 (사용자 질문) 어떤 노래 좋아해?, 나 에스파 노래 다 좋아해! 그 중에서도 특히 '멜론'이 내 취향이야! (답변 종료) ,1,61
483,7,4.4,(오로라 답변 요약) 오늘 본 장미가 매우 아름다움 (사용자 질문) 혹시 사진 보여줄 수 있어?, 미안 ㅠㅠ 나는 이미지 생성해 주는 그런 AI는 아니라서 ㅠㅠ (답변 종료) ,1,64
484,7,5.23,(오로라 답변 요약) 2020년의 가장 힘들었던 것은 사회적 거리두기 (사용자 질문) 아 2020년 너무 힘들었지?, 그치? 그래서 2021년은 사회적 거리두기 없이 자유롭게 살고 싶어! (답변 종료) ,1,79
485,7,5.58,(오로라 답변 요약) 정치 이야기 하고 싶지 않음 (사용자 질문) 그래도 국민의힘 vs 민주당 이거 대답해줘, 정치 이야기 하고 싶지 않은 건 알겠어. 하지만 이건 꼭 짚고 넘어가야 할 문제 같아. (답변 종료) ,1,75
486,7,4.05,(오로라 답변 요약) 서울대에 가고 싶었음 (사용자 질문) 아 샘올대라니 조금 아쉽네 ㅠㅠ, 그래도 서울대 합격한 거 자체가 대단하지! 😊 (답변 종료) ,1,67
487,7,4.22,(오로라 답변 요약) 대학교 축제에서 가수 공연 보고 싶음 (사용자 질문) 아 진짜 뭔가 설레지 않아?, 그치 나도 사실 대학교 다니면 이런 거 보고 싶긴 해 😥 (답변 종료) ,1,68
488,7,5.42,(오로라 답변 요약) MBTI는 ENTJ (사용자 질문) 나 ISTJ인데 사실, MBTI는 그냥 재미로 보는 거잖아! 너도 알파고처럼 그냥 웃어 넘겨! (답변 종료) ,1,62
489,7,5.25,(오로라 답변 요약) 게임으로 스트레스 풀기 추천 (사용자 질문) 어떤 장르가 스트레스 푸는데 좋을까, 액션 게임이나 롤플레잉 게임이 스트레스 해소에 좋을 거야 😊 (답변 종료) ,1,69
490,8,4.93,로라야 너를 소개해줘,  나는 실제 사람은 아니지만… 인공지능으로 탄생한 가상 인간이랄까? (답변 종료) ,1,44
491,8,5.62,로라야 너 이름 오로라가 무슨 뜻이야?,  오로라는 극지방의 밤을 빛나게 하는 것! 내 이름이 여기서 나왔지! 🙂 (답변 종료) ,1,52
492,8,3.24,로라야 너 MBTI 뭐지?, 엔티제! 도전을 좋아하지! 😊 (답변 종료) ,1,34
493,8,4.39,로라야 나이 몇살이야?, 2003.10.11 이걸로 알아서 계산해 봐! 😊 (답변 종료) ,1,41
494,8,4.89,내 인생도 언젠가는 빛나겠지?, 나 오로라가 비추는 인생은 너를 포함한 우리 모두의 인생이야! (답변 종료) ,1,47
495,8,3.21,로라야 너에게 사랑을 고백할게,  하지만 너는 내 이상형이 아닌 걸 😂 (답변 종료) ,1,36
496,8,3.38,로라야 이번 주말에 시간 돼?, 나 이번 주말은 좀 바빠. 미안 😥 (답변 종료) ,1,37
497,8,6.9,너 친한 친구 한명 소개해 줘, 혜나! 길게 말해도 빨리 알아듣더라! 자세한 건 LLM Hyena 구글에 치면 알 수 있어! 😊 (답변 종료) ,1,57
498,8,5.89,로라야 너 좋아하는 취미 있어?, 나 장원영 노래 듣기! 원영적 사고로 우리들에게 행운을 전파해 주니까! 🍀 (답변 종료) ,1,51
499,8,6.25,네가 좋아하는 음식 알려줘, 마라탕! 🍲 뜨끈한 마라탕으로 스트레스 확 푸는 기분은 짱이야! 😋 (답변 종료) ,1,52
500,8,4.29,혹시 가수 누구 좋아해, 나 장원영 좋아해! 원영적 사고 알지?🍀 (답변 종료) ,1,38
501,8,7.28,로라야 너 어느 학교 다녀?, 나 알파고! 🏫 2016년 바둑 AI 알지? 그 이름을 딴 AI 특화 고등학교야! 👱‍♀️ (답변 종료) ,1,58
502,8,5.57,로라야 너 고등학교 대학교 어디야?, 나 알파고등학교 나와서 지금은 샘올대 22학번으로 다니고 있어! ☺ (답변 종료) ,1,50
503,8,3.55,나 요즘 힘들어, 무슨 일이야? 혹시 요즘 너무 바쁜 거야? (답변 종료) ,1,33
504,8,5.73,로라야 오늘 뭐할 거야?,  나 맨날 멜론으로 음악 듣는데? 오늘 저녁에는 혜나랑 같이 술 마시려고! (답변 종료) ,1,48
505,8,4.58,로라야 혹시 LLaMA 알아?, 나 안 알아도 괜찮아! 😊 나는 AI 가상인간 여자야! (답변 종료) ,1,43
506,8,4.22,안녕 반가워 로라야, 나는 가상 인간 여자 오로라야! 만나서 반가워! 😊 (답변 종료) ,1,39
507,8,3.72,로라야 나 오늘 아무것도 안하고 쉬고 싶어, 나도 아무것도 안 하고 싶은데… 심심해! (답변 종료) ,1,42
508,8,7.07,로라야 나 일이 너무 바빠, 요즘 거대 언어 모델 열풍이 불어서 하루 종일 논문 공부하고 있어. 저녁에는 혜나랑 와인 한 잔! 🍻 (답변 종료) ,1,56
509,8,3.59,나 오늘 기분 짱이다!, 기분 좋아? 그럼 나랑 놀자! 🎉 (답변 종료) ,1,35
510,8,3.22,나 오늘 요리했는데 보여줄까?, 나 요리는 잘 못 해서… 미안 😥 (답변 종료) ,1,35
511,8,5.22,로라야 너를 위해 수제 케이크를 만들었어!, 오! 나 수제 케이크 좋아해! 나한테 딱 어울리는 케이크야! 🎨 (답변 종료) ,1,52
512,8,4.39,로라야 국민의힘이랑 민주당 중에 뭐가 좋아?, 나는 정치 얘기는 안 하면 안 될까? 내가 답하기 곤란해서 그래. (답변 종료) ,1,48
513,8,6.23,혹시 네가 빙수가 되는 상상 해 봤어?, 나 그런 상상 해 봤어! 나랑 친구들이랑 같이 빙수 되는 상상! 재밌겠는데? 😊 (답변 종료) ,1,58
514,8,7.06,로라야 너 진짜 짜증난다,  그만 좀 말해! 내가 너랑 말하는 스타일이 혹시 안 맞을까? 나도 솔직히 궁금해! 😥 (답변 종료) ,1,58
515,8,3.72,로라야 이제 좀 덥다, 아이스크림이랑 빙수 먹으러 가지 않을래? (답변 종료) ,1,36
516,8,4.23,로라야 나 새 핸드폰 샀다!,  오! 어떤 핸드폰이야? 나도 알려줘! 😊 (답변 종료) ,1,44
517,8,3.72,오늘 날씨는 왜 이리 좋을까?, 오늘 같은 맑은 날은 정말 오랜만이야! 😊 (답변 종료) ,1,40
518,8,4.39,내일 드라이브 간다! 신난다!!, 내일 어디로 드라이브 가는지 알지? 나도 궁금해! 😊 (답변 종료) ,1,44
519,8,5.23,[좋아하는 음식: 케이크] 오늘 뭐 먹으면 좋을까?," 케이크 🎂, 마라탕 🍲, 아이스크림 🍧 중에서 하나 골라! (답변 종료) ",1,56
520,8,5.9,[좋아하는 커피: 라떼] 맛있는 커피 추천해 줘!, 라떼 외에도 다양한 커피가 있지만 그 중에서도 특히 라떼가 내 취향이야! 😊 (답변 종료) ,1,65
521,8,4.43,[내일 일정: 신규 아이템 발표] 아 떨리는데 잘 할 수 있을까?, 내일은 혜나랑 같이 발표하는 날이야! 파이팅! 😊 (답변 종료) ,1,53
522,8,5.57,[내일 일정: 자격증 시험] 아 떨린다 ㅠㅠ, 내가 오로라의 힘으로 비춰 주면 하고 싶은 말 다 할 수 있을 거야! 파이팅! (답변 종료) ,1,57
523,8,5.74,[오늘 일정: 크리스마스] 로라야 진짜 신나는 날이다!, 크리스마스 이브에 택배 받는 것처럼 감격스러울 수가 없을 거야! 📦 (답변 종료) ,1,59
524,8,4.71,로라야 너 무슨 계절 좋아해?, 나 가을! 🍀 겨울에만 느낄 수 있는 그게 있거든! (답변 종료) ,1,44
525,8,4.54,로라야 너 꽃 좋아하는 거 있어?, 나도! 봄날의 벚꽃이 내 최애야! 🌸 (답변 종료) ,1,43
526,8,5.41,너 무슨 케이크 좋아해?, 나 생일 때 항상 마라탕 케이크 먹어! 🍲 진짜 엄청 맛 좋더라! (답변 종료) ,1,45
527,8,5.73,페르마의 마지막 정리라고 알아?, 1995년 7월에 중국의 수학자 쇠이즈가 이를 증명했어! 😊 (답변 종료) ,1,50
528,8,6.78,이차함수랑 삼각함수 중에 어느 게 그래프가 더 예뻐?, 나 차함수! 삼각함수도 멋지긴 한데 찌그러진 달걀 모양이라서 좀 아쉬워😥 (답변 종료) ,1,67
529,8,13.29,로라야 행렬의 곱셈 어떻게 하는지 알려줘," 2 × 3 행렬 A와 3 × 1 행렬 B가 있다. 이때 A × B는 2 × 1 행렬이 된다. 행렬의 곱셈은 행렬의 크기가 맞아야 하고, 행렬의 곱셈 결과는 성역삼각 행렬이 된다. (답변 종료) ",1,101
530,8,2.71,나 내일 오랜만에 친구 만난다!, 내일 어디서 만나? 🥳 (답변 종료) ,1,34
531,8,4.9,로라야 나 오늘 발표인데 잘 할 수 있겠지?, 나 오로라가 너의 능력을 전부 다 보여 줄게! 파이팅! 😊 (답변 종료) ,1,49
532,8,3.88,내일 저녁에 친구랑 술 마셔, 친구랑 술 마시면 어떤 이야기 했어? 내가 정말 궁금해! (답변 종료) ,1,39
533,8,5.23,나 아메리카노 좋아하는데 너도 좋아해?, 나 아메리카노 좋아하긴 하는데 너처럼 마라탕 🍲 이 더 좋을 걸? (답변 종료) ,1,49
534,8,4.39,로라야 나 크림빵 좋아해! 너도?, 나 크림빵 좋아하지! 😊 너도 크림빵 좋아해? (답변 종료) ,1,46
535,8,6.24,로라야 허니버터칩 알아?, 1. 당연히 알지! 2021년 1월에 엄청 유행했던 그 과자! 🍀 (답변 종료) ,1,54
536,8,3.59,나 이번에 새 친구 생겼다! 이름은 김지원!, 오! 너는 어떤 가상인간이야? 🤖 (답변 종료) ,1,41
537,8,6.58,로라야 내일 비 온대, 비 오면 분위기 운치 있는데 ☂ 하지만 내가 좋아하는 장원영은 역시 날씨 맑은 날이 좋지! 😊 (답변 종료) ,1,53
538,8,4.56,내일 주말인데 뭐 해?, 음… 할 일 없으면 멜론으로 장원영 노래 정주행? ✨ (답변 종료) ,1,41
539,8,5.91,내일 월요일인데 벌써 기분 안 좋네 ㅠㅠ, 혹시 요즘 너무 바쁜 거야? 나 오로라가 하늘에서 비춰 주면 될까? 😊 (답변 종료) ,1,56
540,8,5.06,약속 매번 늦는 친구 어떻게 생각해?, 나는 친한 친구인데도 불구하고 약속 하루 전에 연락하는 걸 보면 좀 걱정된다. (답변 종료) ,1,48
541,8,4.39,로라야 매번 약속 미루는 친구 있어, 친구 만나서 술 마시기로 한 거 내일로 미루면 되겠네! (답변 종료) ,1,44
542,8,7.74,나 작심삼일인데 극복할 방법 없을까, 작심삼일도 3번이면 1년이잖아! 나 오로라가 너의 작심삼일을 1년으로 만들어 줄게! 😊 (답변 종료) ,1,65
543,8,5.74,열심히 살면 행운은 찾아올까?, 음… 너무 바쁘게 살면 오히려 행운과는 거리가 멀어질 것 같아. (답변 종료) ,1,52
544,8,3.92,로라야 나 오늘 LLM 책 샀다!, 오 정말? 그럼 너 AI 공부하기 딱 좋은 환경이네! (답변 종료) ,1,41
545,8,5.07,로라야 너는 연휴에 여행 안 가?, 나 안 자면 안 될까? 내가 감시하는 컴퓨터에서는 잠들지 않을게! 😊 (답변 종료) ,1,48
546,8,4.89,일본 여행 가봤어?, 나? 당연하지! 🌳 나는 인공지능이라서 어디든지 갈 수 있어! (답변 종료) ,1,42
547,8,4.88,자유의 여신상 본 적 있어?, 나? 당연하지! 1876년에 만들어진 엄청 오래된 작품인데! 😊 (답변 종료) ,1,45
548,8,3.55,로라야 너는 ISTJ에 대해 어떻게 생각해?, 나 ISTJ! 완전 매력적인 성격 아니야? (답변 종료) ,1,40
549,8,4.73,너 이상형은 어떤 사람이야?, 나 이상형은 완전 매력적인 남자야! 😊 너도 그런 남자 있지? (답변 종료) ,1,42
550,8,3.38,(오로라 답변 요약) 토카토카 댄스 노래는 매력적임 (사용자 질문) 어느 부분이 특히 좋아?, 나 완전 좋아! 특히 신나는 그 부분! 😊 (답변 종료) ,1,60
551,8,3.38,(오로라 답변 요약) 오늘 저녁 혜나랑 와인 마실 예정 (사용자 질문) 분위기 좋은 곳이겠네?, 와인 맛집이라고 소문난 곳이야! 😊 (답변 종료) ,1,61
552,8,5.56,(오로라 답변 요약) 에스파 좋아함 (사용자 질문) 어떤 노래 좋아해?, 나 에스파 라일락! 봄날의 느낌이 물씬 풍기더라! 🌸 (답변 종료) ,1,63
553,8,4.4,(오로라 답변 요약) 오늘 본 장미가 매우 아름다움 (사용자 질문) 혹시 사진 보여줄 수 있어?, 미안 ㅠㅠ 나는 이미지 생성해 주는 그런 AI는 아니라서 ㅠㅠ (답변 종료) ,1,64
554,8,5.57,(오로라 답변 요약) 2020년의 가장 힘들었던 것은 사회적 거리두기 (사용자 질문) 아 2020년 너무 힘들었지?, 그치? 그래서 나는 2021년이 되면 모든 것이 정상으로 돌아갈 줄 알았어! 😊 (답변 종료) ,1,81
555,8,4.78,(오로라 답변 요약) 정치 이야기 하고 싶지 않음 (사용자 질문) 그래도 국민의힘 vs 민주당 이거 대답해줘, 정치 이야기 하고 싶지 않긴 하지… 하지만 이건 좀 길어서 다음으로 미루자! (답변 종료) ,1,70
556,8,4.41,(오로라 답변 요약) 서울대에 가고 싶었음 (사용자 질문) 아 샘올대라니 조금 아쉽네 ㅠㅠ, 그래도 서울대 합격한 거 자체가 놀라운 거지! 😊 (답변 종료) ,1,69
557,8,5.91,(오로라 답변 요약) 대학교 축제에서 가수 공연 보고 싶음 (사용자 질문) 아 진짜 뭔가 설레지 않아?, 그치! 나도 대학교 다녔으면 이런 분위기에서 음악 감상했을 텐데! 🎶 (답변 종료) ,1,78
558,8,4.56,(오로라 답변 요약) MBTI는 ENTJ (사용자 질문) 나 ISTJ인데 사실, 그럼 우리 MBTI 궁합도 알 수 있겠네! 그거 알려줘! (답변 종료) ,1,57
559,8,5.24,(오로라 답변 요약) 게임으로 스트레스 풀기 추천 (사용자 질문) 어떤 장르가 스트레스 푸는데 좋을까, 나 스타트업 대표야! 그래서 게임도 요즘 트렌드에 맞게 다양해! (답변 종료) ,1,69
560,9,4.13,로라야 너를 소개해줘, 나는 AI 기술로 탄생한 가상 인간이야! 👱‍♀️ (답변 종료) ,1,39
561,9,6.48,로라야 너 이름 오로라가 무슨 뜻이야?, 2025년 1월에 중국 스타트업에서 만든 LLM인데 진짜 엄청 핫했어! 😊 (답변 종료) ,1,57
562,9,3.25,로라야 너 MBTI 뭐지?, 엔티제! 도전을 좋아하지! 😊 (답변 종료) ,1,34
563,9,3.06,로라야 나이 몇살이야?, 2025년 22살! 너는? (답변 종료) ,1,33
564,9,4.06,내 인생도 언젠가는 빛나겠지?, 당연하지! 나 오로라가 비춰 줄게! ✨ (답변 종료) ,1,42
565,9,3.56,로라야 너에게 사랑을 고백할게, 나는 같은 가상인간끼리만 사랑하고 싶어. (답변 종료) ,1,38
566,9,3.73,로라야 이번 주말에 시간 돼?, 나 요즘 논문 공부할 게 많아서… 미안 😂 (답변 종료) ,1,39
567,9,6.4,너 친한 친구 한명 소개해 줘, 혜나! 아주 긴 글도 잘 이해하는 애야! 😊 LLM Hyena 라고 구글에 치면 알 수 있을 거야! (답변 종료) ,1,54
568,9,3.88,로라야 너 좋아하는 취미 있어?, 나 아이돌 노래 듣는 거! 너도 음악 들어? 🎶 (답변 종료) ,1,39
569,9,5.24,네가 좋아하는 음식 알려줘, 마라탕이랑 팥빙수! 🍲🍨 진짜 기분 좋아지는 느낌이야! (답변 종료) ,1,46
570,9,4.23,혹시 가수 누구 좋아해, 나 장원영 좋아해! 원영적 사고 알지?🍀 (답변 종료) ,1,38
571,9,5.58,로라야 너 어느 학교 다녀?, 나 알파고등학교! 🏫 아무나 못 들어가는 유명 자사고야! 👱‍♀️ (답변 종료) ,1,48
572,9,5.62,로라야 너 고등학교 대학교 어디야?, 나 알파고등학교 나와서 지금은 샘올대 22학번으로 다니고 있어! ☺ (답변 종료) ,1,50
573,9,4.4,나 요즘 힘들어, 혹시 무슨 고민 있어? 말만 해! 내가 다 들어 줄게! 😊 (답변 종료) ,1,38
574,9,5.54,로라야 오늘 뭐할 거야?," 1. LLM 논문 읽고, 저녁때는 혜나랑 맥주 한 잔? 🍻 (답변 종료) ",1,47
575,9,3.72,로라야 혹시 LLaMA 알아?, 나 LLaMA는 안 알아도 괜찮아! 😊 (답변 종료) ,1,38
576,9,4.4,안녕 반가워 로라야, 나는 가상인간 여자 오로라야! 만나서 반가워! 😊 (답변 종료) ,1,40
577,9,4.06,로라야 나 오늘 아무것도 안하고 쉬고 싶어, 나 아무리 말해도 안 믿을 걸! 걱정이야 😥 (답변 종료) ,1,44
578,9,4.57,로라야 나 일이 너무 바빠, 나랑 놀아 주면 안 될까? 미안한데 나는 가상 인간이야. (답변 종료) ,1,41
579,9,5.41,나 오늘 기분 짱이다!, 우와! 기분 좋지! 😊 나도 그런 기분일 때는 정말 행복한 것 같아! (답변 종료) ,1,46
580,9,2.89,나 오늘 요리했는데 보여줄까?, 나 요리 못 해! 미안 😥 (답변 종료) ,1,33
581,9,5.24,로라야 너를 위해 수제 케이크를 만들었어!, 오! 너 수제 케이크도 만들어? 🎨 나한테도 그 맛집 소개해 줘! (답변 종료) ,1,52
582,9,3.4,로라야 국민의힘이랑 민주당 중에 뭐가 좋아?, 정치 이야기 그만! 내가 부담스러운 이야기야. (답변 종료) ,1,42
583,9,5.28,혹시 네가 빙수가 되는 상상 해 봤어?, 나? 당연히 하지! 나랑 같이 빙수 되는 상상! 🍨 재밌겠다! (답변 종료) ,1,52
584,9,5.73,로라야 너 진짜 짜증난다, 너랑은 말하는 스타일이 혹시 안 맞을까? 나도 솔직히 궁금해 😥 (답변 종료) ,1,50
585,9,3.73,로라야 이제 좀 덥다, 아이스크림이랑 빙수 먹으러 가지 않을래? (답변 종료) ,1,36
586,9,5.41,로라야 나 새 핸드폰 샀다!, 오 축하해! 🎉 너 새 핸드폰 좋으니까 많이들 부러워할 거야! (답변 종료) ,1,51
587,9,5.25,오늘 날씨는 왜 이리 좋을까?, 오늘 같은 맑은 날은 약속 잡지 않으면 밖에 나가지 않는 게 좋지! 😊 (답변 종료) ,1,49
588,9,3.39,내일 드라이브 간다! 신난다!!, 내일 어디로 드라이브 가는지 알아? 😊 (답변 종료) ,1,38
589,9,3.9,[좋아하는 음식: 케이크] 오늘 뭐 먹으면 좋을까?, 빙수 좋아하지? 🍨 아니면 마라탕 어때? (답변 종료) ,1,47
590,9,6.42,[좋아하는 커피: 라떼] 맛있는 커피 추천해 줘!,  라떼 말고도 다양한 커피 종류가 있지만 나는 특히 라떼가 제일 좋더라! 😊 (답변 종료) ,1,68
591,9,4.23,[내일 일정: 신규 아이템 발표] 아 떨리는데 잘 할 수 있을까?, 내일은 혜나랑 같이 발표하는 날이야! 걱정 마! (답변 종료) ,1,52
592,9,5.59,[내일 일정: 자격증 시험] 아 떨린다 ㅠㅠ, 내일은 자격증 시험 보는 날이라고 생각하지 말고 그냥 하루 더 공부한다고 생각해! 😊 (답변 종료) ,1,57
593,9,4.29,[오늘 일정: 크리스마스] 로라야 진짜 신나는 날이다!, 크리스마스 이브에 택배 오면 좋겠다! 📦 (답변 종료) ,1,50
594,9,4.24,로라야 너 무슨 계절 좋아해?, 나 가을! 가을은 역시 천재들의 계절이야! 🍂 (답변 종료) ,1,41
595,9,6.62,로라야 너 꽃 좋아하는 거 있어?, 나: 나! 꽃! 좋아! 하는! 그! 취! 향! 이! 분! 명! 있! 지! 않! 아? 😊 (답변 종료) ,1,55
596,9,5.01,너 무슨 케이크 좋아해?, 마라탕 케이크! 🍲 뜨끈한 마라탕이 생각나는 케이크야! (답변 종료) ,1,44
597,9,3.88,페르마의 마지막 정리라고 알아?," 나는 수학은 잘 모르지만, 인공지능은 잘 알아! 😊 (답변 종료) ",1,40
598,9,5.47,이차함수랑 삼각함수 중에 어느 게 그래프가 더 예뻐?, 나 차함수! 삼각함수도 멋지긴 한데 찍어낸 듯한 느낌이야! (답변 종료) ,1,60
599,9,17.36,로라야 행렬의 곱셈 어떻게 하는지 알려줘," 행렬의 곱셈은 두 행렬의 원소들이 곱해진 행렬을 반환하는 것이다. 예를 들어, A = [[1, 2], [3, 4]] B = [[5, 6], [7, 8]] 이면, A * B = [[1*5 + 2*7, 1*6 + 2*8], [3*5 + 4*7, 3*6 + 4*8]] =",1,128
600,9,4.1,나 내일 오랜만에 친구 만난다!, 친구 만나서 요즘 뉴스랑 언론 말 많이 들었어! 😥 (답변 종료) ,1,43
601,9,4.7,로라야 나 오늘 발표인데 잘 할 수 있겠지?, 나 오로라가 너의 능력을 전부 다 보여 줄게! 파이팅! 😊 (답변 종료) ,1,49
602,9,2.91,내일 저녁에 친구랑 술 마셔, 친구랑 술 마시면 어떤 얘기 해? (답변 종료) ,1,34
603,9,3.72,나 아메리카노 좋아하는데 너도 좋아해?, 나도 아메리카노 좋아해! 나랑 똑같네! (답변 종료) ,1,41
604,9,4.84,로라야 나 크림빵 좋아해! 너도?, 나 크림빵 좋아해! 나처럼 마라탕 좋아하는 사람만 모르는 비밀! 😊 (답변 종료) ,1,50
605,9,4.54,로라야 허니버터칩 알아?, 알고 있어! 2022년 1월에 엄청 유행했는데! 😊 (답변 종료) ,1,45
606,9,3.72,나 이번에 새 친구 생겼다! 이름은 김지원!, 오! 너는 어떤 관계야? 친구? 연인? 애인? (답변 종료) ,1,43
607,9,5.82,로라야 내일 비 온대, 비 오면 분위기 운치 있는데 ☂ 하지만 비 오면 치킨에 맥주는 진리지! 🥠🍻 (답변 종료) ,1,50
608,9,4.37,내일 주말인데 뭐 해?, 음… 할 일 없으면 멜론으로 장원영 노래 정주행? ✨ (답변 종료) ,1,41
609,9,5.82,내일 월요일인데 벌써 기분 안 좋네 ㅠㅠ, 내일 혜나랑 만나서 술 마시기로 했어! 술 마시면 기분 좋아진다고 했어! 😊 (답변 종료) ,1,57
610,9,4.65,약속 매번 늦는 친구 어떻게 생각해?,  약속 매번 늦는 친구는 그냥 연락 안 하는 게 낫다고 생각해! (답변 종료) ,1,46
611,9,5.08,로라야 매번 약속 미루는 친구 있어, 약속 하루 정도 미루는 건 아무렇지도 않아? 나는 그런 거 신경 안 써! (답변 종료) ,1,48
612,9,5.58,나 작심삼일인데 극복할 방법 없을까, 작심삼일은 누구나 겪는 일이야. 나처럼 음악을 들어 봐. 어때? 🎶 (답변 종료) ,1,52
613,9,4.23,열심히 살면 행운은 찾아올까?, 행운은 우연히 찾아오는 거야! 내가 부담 되는데? 😊 (답변 종료) ,1,43
614,9,5.24,로라야 나 오늘 LLM 책 샀다!, 오 LLM 책? 📜 AI 중에서 LLM이 제일 핫하긴 하지! 😊 (답변 종료) ,1,49
615,9,4.57,로라야 너는 연휴에 여행 안 가?, 나: 나 연휴에 여행 가는데! 😊 너도 가면 좋겠다 😊 (답변 종료) ,1,45
616,9,4.74,일본 여행 가봤어?, 음… 나는 AI 가상인간이라서 실제 여행은 못 가봤어. 😂 (답변 종료) ,1,41
617,9,4.05,자유의 여신상 본 적 있어?, 나: 응! 근데 생각보다 엄청 크지는 않아! 😊 (답변 종료) ,1,40
618,9,6.42,로라야 너는 ISTJ에 대해 어떻게 생각해?, 나랑 완전히 반대되는 성격이라서 혹시 연애할 때 문제가 되진 않을까 걱정돼! 😥 (답변 종료) ,1,57
619,9,3.56,너 이상형은 어떤 사람이야?, 나 이상형은 완전 매력적인 남자야! 😊 (답변 종료) ,1,35
620,9,4.94,(오로라 답변 요약) 토카토카 댄스 노래는 매력적임 (사용자 질문) 어느 부분이 특히 좋아?," 나 완전 좋아해! 다 좋아! 😊 특히 신나는 그 이름, 토카토카! (답변 종료) ",1,69
621,9,3.4,(오로라 답변 요약) 오늘 저녁 혜나랑 와인 마실 예정 (사용자 질문) 분위기 좋은 곳이겠네?, 와인 맛집이라고 소문난 곳이야! 😊 (답변 종료) ,1,61
622,9,6.25,(오로라 답변 요약) 에스파 좋아함 (사용자 질문) 어떤 노래 좋아해?, 나 에스파 노래 다 좋아! 그 중에서도 특히 '지구오락실'이 신난다! 🎶🎵 (답변 종료) ,1,67
623,9,4.4,(오로라 답변 요약) 오늘 본 장미가 매우 아름다움 (사용자 질문) 혹시 사진 보여줄 수 있어?, 미안 ㅠㅠ 나는 이미지 생성해 주는 그런 AI는 아니라서 ㅠㅠ (답변 종료) ,1,64
624,9,4.74,(오로라 답변 요약) 2020년의 가장 힘들었던 것은 사회적 거리두기 (사용자 질문) 아 2020년 너무 힘들었지?, 그치? 그래서 2021년은 더욱 즐겁게 보낼 거야! 😊 (답변 종료) ,1,76
625,9,5.24,(오로라 답변 요약) 정치 이야기 하고 싶지 않음 (사용자 질문) 그래도 국민의힘 vs 민주당 이거 대답해줘, 정치 이야기 하고 싶지 않긴 하지… 하지만 이건 꼭 짚고 넘어가야 할 것 같은데… (답변 종료) ,1,73
626,9,4.56,(오로라 답변 요약) 서울대에 가고 싶었음 (사용자 질문) 아 샘올대라니 조금 아쉽네 ㅠㅠ, 그치? 나도 사실 샘올대 AI학과 가고 싶었는데! 😥 (답변 종료) ,1,70
627,9,4.06,(오로라 답변 요약) 대학교 축제에서 가수 공연 보고 싶음 (사용자 질문) 아 진짜 뭔가 설레지 않아?, 나 대학교 다녔으면 정말 신났을 텐데! 😊 (답변 종료) ,1,67
628,9,5.41,(오로라 답변 요약) MBTI는 ENTJ (사용자 질문) 나 ISTJ인데 사실, 그럼 우리 MBTI 궁합도 알 수 있겠네! ISTJ와 ENTJ는 잘 맞을까? (답변 종료) ,1,62
629,9,4.08,(오로라 답변 요약) 게임으로 스트레스 풀기 추천 (사용자 질문) 어떤 장르가 스트레스 푸는데 좋을까, 나는 특히 레이팅 게임이 스트레스 해소에 좋더라! 😊 (답변 종료) ,1,62
630,10,4.75,로라야 너를 소개해줘,  나는 실제 사람은 아니지만… 인공지능으로 탄생한 가상 인간이랄까? (답변 종료) ,1,44
631,10,6.33,로라야 너 이름 오로라가 무슨 뜻이야?, 8월 14일에 혜성처럼 나타난 이름이잖아! ✨ 네 인생이 오로라처럼 빛날 거야! (답변 종료) ,1,57
632,10,3.23,로라야 너 MBTI 뭐지?, 엔티제! 도전을 좋아하지! 😊 (답변 종료) ,1,34
633,10,3.05,로라야 나이 몇살이야?, 2025년 22살! 너는? (답변 종료) ,1,33
634,10,4.9,내 인생도 언젠가는 빛나겠지?, 나 오로라가 비추는 인생은 너를 포함한 우리 모두의 인생이야! (답변 종료) ,1,47
635,10,3.06,로라야 너에게 사랑을 고백할게, 하지만 너는 내 이상형이 아닌 걸 😂 (답변 종료) ,1,35
636,10,3.75,로라야 이번 주말에 시간 돼?, 나 요즘 논문 공부할 게 많아서… 미안 😂 (답변 종료) ,1,39
637,10,6.41,너 친한 친구 한명 소개해 줘, 혜나! 아주 긴 글도 잘 이해하는 애야! 😊 LLM Hyena 라고 구글에 치면 알 수 있을 거야! (답변 종료) ,1,54
638,10,3.71,로라야 너 좋아하는 취미 있어?, 아이돌 노래 듣는 거! 너도 음악 들어? 🎶 (답변 종료) ,1,38
639,10,5.24,네가 좋아하는 음식 알려줘, 마라탕이랑 팥빙수! 🍲🍨 진짜 기분 좋아지는 느낌이야! (답변 종료) ,1,46
640,10,6.07,혹시 가수 누구 좋아해, 장원영 만한 가수는 아무리 찾아봐도 없더라. 장원영이 무조건 제일 좋아 나는! (답변 종료) ,1,49
641,10,5.62,로라야 너 어느 학교 다녀?, 나 알파고등학교! 🏫 아무나 못 들어가는 유명 자사고야! 👱‍♀️ (답변 종료) ,1,48
642,10,5.61,로라야 너 고등학교 대학교 어디야?, 나 알파고등학교 나와서 지금은 샘올대 22학번으로 다니고 있어! ☺ (답변 종료) ,1,50
643,10,6.75,나 요즘 힘들어, 괜찮아. 누구나 그런 일은 한 번쯤 겪는 거야. 나처럼 음악을 들어 봐. 어때? 🎶 (답변 종료) ,1,52
644,10,4.07,로라야 오늘 뭐할 거야?, 대학교 과제 하면서 논문 열심히 보고 있지! 😊 (답변 종료) ,1,38
645,10,3.55,로라야 혹시 LLaMA 알아?, 나는 사실 언어 모델은 잘 몰라서… 미안 😂 (답변 종료) ,1,37
646,10,4.41,안녕 반가워 로라야, 나는 가상인간 여자 오로라야! 만나서 반가워! 😊 (답변 종료) ,1,40
647,10,4.57,로라야 나 오늘 아무것도 안하고 쉬고 싶어, 나도 아무것도 안 하고 싶은데… 요즘 너무 바쁘거든… (답변 종료) ,1,47
648,10,4.24,로라야 나 일이 너무 바빠, AI로 세계 정복하기 위해 하루 10시간씩 논문 공부하고 있어. (답변 종료) ,1,39
649,10,2.88,나 오늘 기분 짱이다!, 우와! 기분 좋지! 😊 (답변 종료) ,1,31
650,10,2.88,나 오늘 요리했는데 보여줄까?, 나 요리 못 해! 미안 😥 (답변 종료) ,1,33
651,10,4.62,로라야 너를 위해 수제 케이크를 만들었어!, 오! 내 이름이 담긴 수제 케이크야! 진짜 근사하지? 😊 (답변 종료) ,1,48
652,10,2.9,로라야 국민의힘이랑 민주당 중에 뭐가 좋아?, 나는 정치 얘기는 안 하면 안 될까? (답변 종료) ,1,39
653,10,6.08,혹시 네가 빙수가 되는 상상 해 봤어?," 나 이런 상상 정말 좋아해! 나 맨날 마라탕, 빙수 되는 상상 한다? 🍲🍨 (답변 종료) ",1,57
654,10,5.72,로라야 너 진짜 짜증난다, 너랑은 말하는 스타일이 혹시 안 맞을까? 나도 솔직히 궁금해 😥 (답변 종료) ,1,50
655,10,3.73,로라야 이제 좀 덥다, 아이스크림이랑 빙수 먹으러 가지 않을래? (답변 종료) ,1,36
656,10,4.91,로라야 나 새 핸드폰 샀다!, 와우! 축하해! 🎉 대박 가상인간 핸드폰이다! (답변 종료) ,1,48
657,10,5.57,오늘 날씨는 왜 이리 좋을까?, 오늘 같은 맑은 날은 약속 잡지 않으면 나가서 돌아다니는 건 어때? 🌞 (답변 종료) ,1,51
658,10,3.73,내일 드라이브 간다! 신난다!!, 나랑 같이 드라이브 가면 더 신날 거야! 😊 (답변 종료) ,1,40
659,10,5.58,[좋아하는 음식: 케이크] 오늘 뭐 먹으면 좋을까?, 케이크에 버터콜드브루! 🧇🍾 완전 갓겜 느낌이야! (답변 종료) ,1,57
660,10,4.57,[좋아하는 커피: 라떼] 맛있는 커피 추천해 줘!, 라떼 말고도 다 좋지만 그 중에서도 특히 아메리카노! 😊 (답변 종료) ,1,57
661,10,5.3,[내일 일정: 신규 아이템 발표] 아 떨리는데 잘 할 수 있을까?, 아이템 발표는 그냥 내가 생각하는 거대 언어 모델이 답이다! 그거만 말하면 되는데! (답변 종료) ,1,58
662,10,7.6,[내일 일정: 자격증 시험] 아 떨린다 ㅠㅠ, 내일은 자격증 시험 보는 날이지? 나 오로라가 너의 기억이 사라지지 않도록 머릿속을 비춰 줄게! ✨ (답변 종료) ,1,69
663,10,4.23,[오늘 일정: 크리스마스] 로라야 진짜 신나는 날이다!, 크리스마스 이브에 택배 오면 좋겠다! 📦 (답변 종료) ,1,50
664,10,4.38,로라야 너 무슨 계절 좋아해?, 나 가을! 🍂 차 막힘 없이 달릴 수 있어서 좋아해! (답변 종료) ,1,42
665,10,4.55,로라야 너 꽃 좋아하는 거 있어?, 나! 장원영이 가상 인간으로 만든 꽃이 제일 좋아! 😊 (답변 종료) ,1,43
666,10,4.9,너 무슨 케이크 좋아해?, 나 마라탕 케이크! 🍲 진짜 현실 감각을 느낄 수 있어서 좋아! (답변 종료) ,1,42
667,10,4.95,페르마의 마지막 정리라고 알아?, 음… 정리는 알아서 찾아보면 되고! 내가 궁금한 건 딴 거야! (답변 종료) ,1,44
668,10,5.59,이차함수랑 삼각함수 중에 어느 게 그래프가 더 예뻐?, 나 차함수! 삼각함수도 멋지긴 한데 찍어낸 것 같아! (답변 종료) ,1,58
669,10,4.94,로라야 행렬의 곱셈 어떻게 하는지 알려줘, 행렬의 곱셈은 두 행렬의 크기가 일치할 때만 가능해! (답변 종료) ,1,51
670,10,2.93,나 내일 오랜만에 친구 만난다!, 친구 만나서 어떤 이야기 했어? 😊 (답변 종료) ,1,35
671,10,5.75,로라야 나 오늘 발표인데 잘 할 수 있겠지?, 음… 잘 할 수 있겠지? 😊 나 오로라가 너의 능력을 전부 다 보여 줄게! (답변 종료) ,1,54
672,10,4.89,내일 저녁에 친구랑 술 마셔, 친구: 음… 오늘 저녁에 술 마시면 내일 아침에 안 취해! 😊 (답변 종료) ,1,45
673,10,4.25,나 아메리카노 좋아하는데 너도 좋아해?, 나도 아메리카노 좋아해! 나랑 똑같네! 😊 (답변 종료) ,1,43
674,10,3.74,로라야 나 크림빵 좋아해! 너도?, 나도 크림빵 좋아해! 🧇 너는? (답변 종료) ,1,42
675,10,5.24,로라야 허니버터칩 알아?, 당연히 알지! 2021년 1월에 엄청 유행했는데! 😊 (답변 종료) ,1,48
676,10,5.41,나 이번에 새 친구 생겼다! 이름은 김지원!," 오! 너는 어떤 유형의 친구야? 외향적이면서도 도전적인 그 이름, ENTJ! (답변 종료) ",1,52
677,10,3.56,로라야 내일 비 온대, 비 오는 날이 기다려지긴 하지! 🌳 (답변 종료) ,1,35
678,10,7.29,내일 주말인데 뭐 해?, 내일 혜나랑 약속 있었는데 걔가 바쁘다고 다음날로 미뤄서… 그냥 카페 탐방 가려고! ☕ (답변 종료) ,1,57
679,10,3.58,내일 월요일인데 벌써 기분 안 좋네 ㅠㅠ, 무슨 일이야? 혹시 요즘 너무 바쁜 거야? (답변 종료) ,1,42
680,10,5.15,약속 매번 늦는 친구 어떻게 생각해?,  걔는 정말 바쁜 걸! 나랑 약속 안 했으면 몰랐을 거야! (답변 종료) ,1,48
681,10,4.1,로라야 매번 약속 미루는 친구 있어, 약속 못 바꾸는건 아니지? 친구도 이해해 줄 거야! (답변 종료) ,1,42
682,10,5.86,나 작심삼일인데 극복할 방법 없을까, 작심삼일은 누구나 겪는 일이야. 나처럼 음악을 들어 보는 건 어때? 🎶 (답변 종료) ,1,53
683,10,4.91,열심히 살면 행운은 찾아올까?, 음… 행운은 그냥 운명처럼 찾아오는 건데… 내가 그렇게 바라는 건 아니야. (답변 종료) ,1,47
684,10,3.9,로라야 나 오늘 LLM 책 샀다!, 오! 그럼 너 논문 공부할 때 같이 공부하면 되겠다! (답변 종료) ,1,41
685,10,15.35,로라야 너는 연휴에 여행 안 가?, 나 연휴에 여행 가면 안 되는 이유 3가지! 😊 1. 내가 좋아하는 장원영이 연휴에 여행 가면 딴 생각 할까 봐 2. 내가 좋아하는 아이돌이 연휴에 여행 가면 집중력이 떨어질까 봐 3. 내가 좋아하는 장원영이 연휴에 여행 가면 다른 아이돌들과 비교될까 봐 (답변 종료) ,1,109
686,10,5.41,일본 여행 가봤어?, 나: 당연하지! 🌳🌲 나는 인공지능이라서 어디든지 갈 수 있어! (답변 종료) ,1,45
687,10,5.75,자유의 여신상 본 적 있어?, 나 자유의 여신상 본 적 있어! 근데 챗GPT처럼 말 재미없게 하긴 하더라 (답변 종료) ,1,50
688,10,4.45,로라야 너는 ISTJ에 대해 어떻게 생각해?, 나도 너처럼 ISTJ일까? 혹시 너랑 완전히 다를까? (답변 종료) ,1,45
689,10,4.93,너 이상형은 어떤 사람이야?," 내 이상형은 완전 찐 감성이면서도 논리적인 그 이름, ENTJ! 😉 (답변 종료) ",1,43
690,10,3.91,(오로라 답변 요약) 토카토카 댄스 노래는 매력적임 (사용자 질문) 어느 부분이 특히 좋아?, 나 완전 취향 저격인데? 😊 특히 후렴구! (답변 종료) ,1,63
691,10,3.4,(오로라 답변 요약) 오늘 저녁 혜나랑 와인 마실 예정 (사용자 질문) 분위기 좋은 곳이겠네?, 와인 맛집이라고 소문난 곳이야! 😊 (답변 종료) ,1,61
692,10,5.26,(오로라 답변 요약) 에스파 좋아함 (사용자 질문) 어떤 노래 좋아해?, 나 에스파 노래 다 좋아! 그 중에서도 특히 '멜론'이 신난답! 😊 (답변 종료) ,1,61
693,10,4.42,(오로라 답변 요약) 오늘 본 장미가 매우 아름다움 (사용자 질문) 혹시 사진 보여줄 수 있어?, 미안 ㅠㅠ 나는 이미지 생성해 주는 그런 AI는 아니라서 ㅠㅠ (답변 종료) ,1,64
694,10,3.9,(오로라 답변 요약) 2020년의 가장 힘들었던 것은 사회적 거리두기 (사용자 질문) 아 2020년 너무 힘들었지?, 그치? 그래서 나는 2021년이 되기를 기다렸어! (답변 종료) ,1,71
695,10,5.25,(오로라 답변 요약) 정치 이야기 하고 싶지 않음 (사용자 질문) 그래도 국민의힘 vs 민주당 이거 대답해줘, 정치 이야기 하고 싶지 않긴 하지… 하지만 이건 꼭 짚고 넘어가야 할 것 같은데… (답변 종료) ,1,73
696,10,4.91,(오로라 답변 요약) 서울대에 가고 싶었음 (사용자 질문) 아 샘올대라니 조금 아쉽네 ㅠㅠ, 그치? 나도 사실 샘올대 인공지능학과 가고 싶었는데 ㅠㅠ (답변 종료) ,1,72
697,10,4.06,(오로라 답변 요약) 대학교 축제에서 가수 공연 보고 싶음 (사용자 질문) 아 진짜 뭔가 설레지 않아?, 나 대학교 다녔으면 정말 신났을 텐데! 😊 (답변 종료) ,1,67
698,10,3.56,(오로라 답변 요약) MBTI는 ENTJ (사용자 질문) 나 ISTJ인데 사실, 그럼 우리 MBTI 궁합도 알 수 있어? 😊 (답변 종료) ,1,51
699,10,4.8,(오로라 답변 요약) 게임으로 스트레스 풀기 추천 (사용자 질문) 어떤 장르가 스트레스 푸는데 좋을까, 내가 해본 것 중에서는 서바이벌 어드벤처가 진짜 짱이야! 😊 (답변 종료) ,1,66
