memory_0,user_prompt_0,memory_1,user_prompt_1,similarity_score
[롤 티어: 브론즈],나 롤 티어 올랐다!,[롤 티어: 브론즈],나 롤 티어 올랐다!,1.0
[롤 티어: 브론즈],나 롤 티어 올랐다!,[오늘 날씨: 비],아 오늘 약속 있는데 어떡하지?,0.0
[롤 티어: 브론즈],나 롤 티어 올랐다!,[오늘 날씨: 비],로라야 이런 날에는 뭐 먹을까,0.0
[롤 티어: 브론즈],나 롤 티어 올랐다!,[오늘 날씨: 구름 조금],오늘 뭐하지,0.0
[롤 티어: 브론즈],나 롤 티어 올랐다!,[오늘 날씨: 구름 조금],오늘 뭐 하면 좋을까,0.0
[롤 티어: 브론즈],나 롤 티어 올랐다!,[오늘 날씨: 맑음],기분 좋은 날이네,0.0
[롤 티어: 브론즈],나 롤 티어 올랐다!,[오늘 날씨: 맑음],로라야 오늘 공원에 사람 많을까?,0.0
[롤 티어: 브론즈],나 롤 티어 올랐다!,[오늘 날씨: 흐림],아 오늘 나가지 말까?,0.0
[롤 티어: 브론즈],나 롤 티어 올랐다!,[오늘 날씨: 눈],오늘 출근길 어떡하지?,0.0
[롤 티어: 브론즈],나 롤 티어 올랐다!,[지금 있는 곳: 집],아 뭐 하지?,0.0
[롤 티어: 브론즈],나 롤 티어 올랐다!,[가고 싶은 곳: 카페],로라야 오 나 드디어 쿠폰 생겼어,0.0
[롤 티어: 브론즈],나 롤 티어 올랐다!,[먹고 싶은 음식: 돼지고기],로라야 나 드디어 고기 먹었어,0.0
[롤 티어: 브론즈],나 롤 티어 올랐다!,[먹고 있는 음식: 아메리카노],아 이제 살 것 같다,0.0
[롤 티어: 브론즈],나 롤 티어 올랐다!,[좋아하는 음식: 삼겹살],맛집 추천해 줘!,0.0
[롤 티어: 브론즈],나 롤 티어 올랐다!,[좋아하는 꽃: 벚꽃],로라야 나 내일 꽃놀이 간다,0.0
[롤 티어: 브론즈],나 롤 티어 올랐다!,[좋아하는 꽃: 개나리],나 내일 꽃 보러 간다! ㅎㅎ,0.0
[롤 티어: 브론즈],나 롤 티어 올랐다!,[좋아하는 꽃: 목련],내일 나들이 가는데 같이 갈래?,0.0
[롤 티어: 브론즈],나 롤 티어 올랐다!,[좋아하는 가수: 아이유],로라야 노래 추천해 줘,0.0
[롤 티어: 브론즈],나 롤 티어 올랐다!,[좋아하는 가수: 블랙핑크],로라야 나 노래 추천해 줄 수 있어?,0.0
[롤 티어: 브론즈],나 롤 티어 올랐다!,[좋아하는 가수: 트와이스],나 노래 듣고 싶어!,0.0
[롤 티어: 브론즈],나 롤 티어 올랐다!,[좋아하는 가수: 방탄소년단],노래 좀 추천해 줘~,0.0
[롤 티어: 브론즈],나 롤 티어 올랐다!,[좋아하는 과목: 수학],로라야 미분방정식 어렵지 않아?,0.0
[롤 티어: 브론즈],나 롤 티어 올랐다!,[좋아하는 과목: 국어],내일 국어 시험인데 떨린다!,0.0
[롤 티어: 브론즈],나 롤 티어 올랐다!,[좋아하는 과목: 영어],내일 영어 말하기 대회야,0.0
[롤 티어: 브론즈],나 롤 티어 올랐다!,[내일 일정: 여행],오늘 저녁때 친구 만나기로 했는데,0.0
[롤 티어: 브론즈],나 롤 티어 올랐다!,[내일 일정: 면접],아 떨린다 오늘 어떻게 잠들지?,0.0
[롤 티어: 브론즈],나 롤 티어 올랐다!,[내일 일정: 술 약속],모레 아침에 어떻게 출근하지?,0.0
[롤 티어: 브론즈],나 롤 티어 올랐다!,[내일 일정: 회식],내일 친구랑 약속 취소해야 할까?,0.0
[롤 티어: 브론즈],나 롤 티어 올랐다!,[내일 일정: 회식],나 술 약한데 어떡하지?,0.0
[롤 티어: 브론즈],나 롤 티어 올랐다!,[내일 일정: 자격증 시험],오늘 뭐 해야 할까?,0.0
[롤 티어: 브론즈],나 롤 티어 올랐다!,[내일 일정: 코딩 테스트],아 알고리즘 복습 좀 하고 자야겠다,0.0
[롤 티어: 브론즈],나 롤 티어 올랐다!,[내일 일정: 추석 연휴],로라야 내일 뭐하지?,0.0
[롤 티어: 브론즈],나 롤 티어 올랐다!,[오늘 일정: 발표],나 발표 잘 할 수 있을까?,0.0
[롤 티어: 브론즈],나 롤 티어 올랐다!,[오늘 일정: 발표],로라야 나 떨려,0.0
[롤 티어: 브론즈],나 롤 티어 올랐다!,[오늘 일정: 발표],나 응원해줘,0.0
[롤 티어: 브론즈],나 롤 티어 올랐다!,[오늘 일정: 면접],나 잘할 수 있겠지?,0.0
[롤 티어: 브론즈],나 롤 티어 올랐다!,[오늘 일정: 면접],아 떨린다,0.0
[롤 티어: 브론즈],나 롤 티어 올랐다!,[오늘 일정: 친구랑 술자리],아 오늘 이따 저녁때 기대된다,0.0
[롤 티어: 브론즈],나 롤 티어 올랐다!,[오늘 일정: 친구랑 치맥],오늘 뭐 입고 나갈까?,0.0
[롤 티어: 브론즈],나 롤 티어 올랐다!,[오늘 일정: 생일],로라야 안녕?,0.0
[오늘 날씨: 비],아 오늘 약속 있는데 어떡하지?,[롤 티어: 브론즈],나 롤 티어 올랐다!,0.0
[오늘 날씨: 비],아 오늘 약속 있는데 어떡하지?,[오늘 날씨: 비],아 오늘 약속 있는데 어떡하지?,1.0
[오늘 날씨: 비],아 오늘 약속 있는데 어떡하지?,[오늘 날씨: 비],로라야 이런 날에는 뭐 먹을까,1.0
[오늘 날씨: 비],아 오늘 약속 있는데 어떡하지?,[오늘 날씨: 구름 조금],오늘 뭐하지,1.0
[오늘 날씨: 비],아 오늘 약속 있는데 어떡하지?,[오늘 날씨: 구름 조금],오늘 뭐 하면 좋을까,1.0
[오늘 날씨: 비],아 오늘 약속 있는데 어떡하지?,[오늘 날씨: 맑음],기분 좋은 날이네,1.0
[오늘 날씨: 비],아 오늘 약속 있는데 어떡하지?,[오늘 날씨: 맑음],로라야 오늘 공원에 사람 많을까?,1.0
[오늘 날씨: 비],아 오늘 약속 있는데 어떡하지?,[오늘 날씨: 흐림],아 오늘 나가지 말까?,1.0
[오늘 날씨: 비],아 오늘 약속 있는데 어떡하지?,[오늘 날씨: 눈],오늘 출근길 어떡하지?,1.0
[오늘 날씨: 비],아 오늘 약속 있는데 어떡하지?,[지금 있는 곳: 집],아 뭐 하지?,0.0
[오늘 날씨: 비],아 오늘 약속 있는데 어떡하지?,[가고 싶은 곳: 카페],로라야 오 나 드디어 쿠폰 생겼어,0.0
[오늘 날씨: 비],아 오늘 약속 있는데 어떡하지?,[먹고 싶은 음식: 돼지고기],로라야 나 드디어 고기 먹었어,0.0
[오늘 날씨: 비],아 오늘 약속 있는데 어떡하지?,[먹고 있는 음식: 아메리카노],아 이제 살 것 같다,0.0
[오늘 날씨: 비],아 오늘 약속 있는데 어떡하지?,[좋아하는 음식: 삼겹살],맛집 추천해 줘!,0.0
[오늘 날씨: 비],아 오늘 약속 있는데 어떡하지?,[좋아하는 꽃: 벚꽃],로라야 나 내일 꽃놀이 간다,0.0
[오늘 날씨: 비],아 오늘 약속 있는데 어떡하지?,[좋아하는 꽃: 개나리],나 내일 꽃 보러 간다! ㅎㅎ,0.0
[오늘 날씨: 비],아 오늘 약속 있는데 어떡하지?,[좋아하는 꽃: 목련],내일 나들이 가는데 같이 갈래?,0.0
[오늘 날씨: 비],아 오늘 약속 있는데 어떡하지?,[좋아하는 가수: 아이유],로라야 노래 추천해 줘,0.0
[오늘 날씨: 비],아 오늘 약속 있는데 어떡하지?,[좋아하는 가수: 블랙핑크],로라야 나 노래 추천해 줄 수 있어?,0.0
[오늘 날씨: 비],아 오늘 약속 있는데 어떡하지?,[좋아하는 가수: 트와이스],나 노래 듣고 싶어!,0.0
[오늘 날씨: 비],아 오늘 약속 있는데 어떡하지?,[좋아하는 가수: 방탄소년단],노래 좀 추천해 줘~,0.0
[오늘 날씨: 비],아 오늘 약속 있는데 어떡하지?,[좋아하는 과목: 수학],로라야 미분방정식 어렵지 않아?,0.0
[오늘 날씨: 비],아 오늘 약속 있는데 어떡하지?,[좋아하는 과목: 국어],내일 국어 시험인데 떨린다!,0.0
[오늘 날씨: 비],아 오늘 약속 있는데 어떡하지?,[좋아하는 과목: 영어],내일 영어 말하기 대회야,0.0
[오늘 날씨: 비],아 오늘 약속 있는데 어떡하지?,[내일 일정: 여행],오늘 저녁때 친구 만나기로 했는데,0.0
[오늘 날씨: 비],아 오늘 약속 있는데 어떡하지?,[내일 일정: 면접],아 떨린다 오늘 어떻게 잠들지?,0.0
[오늘 날씨: 비],아 오늘 약속 있는데 어떡하지?,[내일 일정: 술 약속],모레 아침에 어떻게 출근하지?,0.0
[오늘 날씨: 비],아 오늘 약속 있는데 어떡하지?,[내일 일정: 회식],내일 친구랑 약속 취소해야 할까?,0.0
[오늘 날씨: 비],아 오늘 약속 있는데 어떡하지?,[내일 일정: 회식],나 술 약한데 어떡하지?,0.0
[오늘 날씨: 비],아 오늘 약속 있는데 어떡하지?,[내일 일정: 자격증 시험],오늘 뭐 해야 할까?,0.0
[오늘 날씨: 비],아 오늘 약속 있는데 어떡하지?,[내일 일정: 코딩 테스트],아 알고리즘 복습 좀 하고 자야겠다,0.0
[오늘 날씨: 비],아 오늘 약속 있는데 어떡하지?,[내일 일정: 추석 연휴],로라야 내일 뭐하지?,0.0
[오늘 날씨: 비],아 오늘 약속 있는데 어떡하지?,[오늘 일정: 발표],나 발표 잘 할 수 있을까?,0.3333
[오늘 날씨: 비],아 오늘 약속 있는데 어떡하지?,[오늘 일정: 발표],로라야 나 떨려,0.3333
[오늘 날씨: 비],아 오늘 약속 있는데 어떡하지?,[오늘 일정: 발표],나 응원해줘,0.3333
[오늘 날씨: 비],아 오늘 약속 있는데 어떡하지?,[오늘 일정: 면접],나 잘할 수 있겠지?,0.3333
[오늘 날씨: 비],아 오늘 약속 있는데 어떡하지?,[오늘 일정: 면접],아 떨린다,0.3333
[오늘 날씨: 비],아 오늘 약속 있는데 어떡하지?,[오늘 일정: 친구랑 술자리],아 오늘 이따 저녁때 기대된다,0.3333
[오늘 날씨: 비],아 오늘 약속 있는데 어떡하지?,[오늘 일정: 친구랑 치맥],오늘 뭐 입고 나갈까?,0.3333
[오늘 날씨: 비],아 오늘 약속 있는데 어떡하지?,[오늘 일정: 생일],로라야 안녕?,0.3333
[오늘 날씨: 비],로라야 이런 날에는 뭐 먹을까,[롤 티어: 브론즈],나 롤 티어 올랐다!,0.0
[오늘 날씨: 비],로라야 이런 날에는 뭐 먹을까,[오늘 날씨: 비],아 오늘 약속 있는데 어떡하지?,1.0
[오늘 날씨: 비],로라야 이런 날에는 뭐 먹을까,[오늘 날씨: 비],로라야 이런 날에는 뭐 먹을까,1.0
[오늘 날씨: 비],로라야 이런 날에는 뭐 먹을까,[오늘 날씨: 구름 조금],오늘 뭐하지,1.0
[오늘 날씨: 비],로라야 이런 날에는 뭐 먹을까,[오늘 날씨: 구름 조금],오늘 뭐 하면 좋을까,1.0
[오늘 날씨: 비],로라야 이런 날에는 뭐 먹을까,[오늘 날씨: 맑음],기분 좋은 날이네,1.0
[오늘 날씨: 비],로라야 이런 날에는 뭐 먹을까,[오늘 날씨: 맑음],로라야 오늘 공원에 사람 많을까?,1.0
[오늘 날씨: 비],로라야 이런 날에는 뭐 먹을까,[오늘 날씨: 흐림],아 오늘 나가지 말까?,1.0
[오늘 날씨: 비],로라야 이런 날에는 뭐 먹을까,[오늘 날씨: 눈],오늘 출근길 어떡하지?,1.0
[오늘 날씨: 비],로라야 이런 날에는 뭐 먹을까,[지금 있는 곳: 집],아 뭐 하지?,0.0
[오늘 날씨: 비],로라야 이런 날에는 뭐 먹을까,[가고 싶은 곳: 카페],로라야 오 나 드디어 쿠폰 생겼어,0.0
[오늘 날씨: 비],로라야 이런 날에는 뭐 먹을까,[먹고 싶은 음식: 돼지고기],로라야 나 드디어 고기 먹었어,0.0
[오늘 날씨: 비],로라야 이런 날에는 뭐 먹을까,[먹고 있는 음식: 아메리카노],아 이제 살 것 같다,0.0
[오늘 날씨: 비],로라야 이런 날에는 뭐 먹을까,[좋아하는 음식: 삼겹살],맛집 추천해 줘!,0.0
[오늘 날씨: 비],로라야 이런 날에는 뭐 먹을까,[좋아하는 꽃: 벚꽃],로라야 나 내일 꽃놀이 간다,0.0
[오늘 날씨: 비],로라야 이런 날에는 뭐 먹을까,[좋아하는 꽃: 개나리],나 내일 꽃 보러 간다! ㅎㅎ,0.0
[오늘 날씨: 비],로라야 이런 날에는 뭐 먹을까,[좋아하는 꽃: 목련],내일 나들이 가는데 같이 갈래?,0.0
[오늘 날씨: 비],로라야 이런 날에는 뭐 먹을까,[좋아하는 가수: 아이유],로라야 노래 추천해 줘,0.0
[오늘 날씨: 비],로라야 이런 날에는 뭐 먹을까,[좋아하는 가수: 블랙핑크],로라야 나 노래 추천해 줄 수 있어?,0.0
[오늘 날씨: 비],로라야 이런 날에는 뭐 먹을까,[좋아하는 가수: 트와이스],나 노래 듣고 싶어!,0.0
[오늘 날씨: 비],로라야 이런 날에는 뭐 먹을까,[좋아하는 가수: 방탄소년단],노래 좀 추천해 줘~,0.0
[오늘 날씨: 비],로라야 이런 날에는 뭐 먹을까,[좋아하는 과목: 수학],로라야 미분방정식 어렵지 않아?,0.0
[오늘 날씨: 비],로라야 이런 날에는 뭐 먹을까,[좋아하는 과목: 국어],내일 국어 시험인데 떨린다!,0.0
[오늘 날씨: 비],로라야 이런 날에는 뭐 먹을까,[좋아하는 과목: 영어],내일 영어 말하기 대회야,0.0
[오늘 날씨: 비],로라야 이런 날에는 뭐 먹을까,[내일 일정: 여행],오늘 저녁때 친구 만나기로 했는데,0.0
[오늘 날씨: 비],로라야 이런 날에는 뭐 먹을까,[내일 일정: 면접],아 떨린다 오늘 어떻게 잠들지?,0.0
[오늘 날씨: 비],로라야 이런 날에는 뭐 먹을까,[내일 일정: 술 약속],모레 아침에 어떻게 출근하지?,0.0
[오늘 날씨: 비],로라야 이런 날에는 뭐 먹을까,[내일 일정: 회식],내일 친구랑 약속 취소해야 할까?,0.0
[오늘 날씨: 비],로라야 이런 날에는 뭐 먹을까,[내일 일정: 회식],나 술 약한데 어떡하지?,0.0
[오늘 날씨: 비],로라야 이런 날에는 뭐 먹을까,[내일 일정: 자격증 시험],오늘 뭐 해야 할까?,0.0
[오늘 날씨: 비],로라야 이런 날에는 뭐 먹을까,[내일 일정: 코딩 테스트],아 알고리즘 복습 좀 하고 자야겠다,0.0
[오늘 날씨: 비],로라야 이런 날에는 뭐 먹을까,[내일 일정: 추석 연휴],로라야 내일 뭐하지?,0.0
[오늘 날씨: 비],로라야 이런 날에는 뭐 먹을까,[오늘 일정: 발표],나 발표 잘 할 수 있을까?,0.3333
[오늘 날씨: 비],로라야 이런 날에는 뭐 먹을까,[오늘 일정: 발표],로라야 나 떨려,0.3333
[오늘 날씨: 비],로라야 이런 날에는 뭐 먹을까,[오늘 일정: 발표],나 응원해줘,0.3333
[오늘 날씨: 비],로라야 이런 날에는 뭐 먹을까,[오늘 일정: 면접],나 잘할 수 있겠지?,0.3333
[오늘 날씨: 비],로라야 이런 날에는 뭐 먹을까,[오늘 일정: 면접],아 떨린다,0.3333
[오늘 날씨: 비],로라야 이런 날에는 뭐 먹을까,[오늘 일정: 친구랑 술자리],아 오늘 이따 저녁때 기대된다,0.3333
[오늘 날씨: 비],로라야 이런 날에는 뭐 먹을까,[오늘 일정: 친구랑 치맥],오늘 뭐 입고 나갈까?,0.3333
[오늘 날씨: 비],로라야 이런 날에는 뭐 먹을까,[오늘 일정: 생일],로라야 안녕?,0.3333
[오늘 날씨: 구름 조금],오늘 뭐하지,[롤 티어: 브론즈],나 롤 티어 올랐다!,0.0
[오늘 날씨: 구름 조금],오늘 뭐하지,[오늘 날씨: 비],아 오늘 약속 있는데 어떡하지?,1.0
[오늘 날씨: 구름 조금],오늘 뭐하지,[오늘 날씨: 비],로라야 이런 날에는 뭐 먹을까,1.0
[오늘 날씨: 구름 조금],오늘 뭐하지,[오늘 날씨: 구름 조금],오늘 뭐하지,1.0
[오늘 날씨: 구름 조금],오늘 뭐하지,[오늘 날씨: 구름 조금],오늘 뭐 하면 좋을까,1.0
[오늘 날씨: 구름 조금],오늘 뭐하지,[오늘 날씨: 맑음],기분 좋은 날이네,1.0
[오늘 날씨: 구름 조금],오늘 뭐하지,[오늘 날씨: 맑음],로라야 오늘 공원에 사람 많을까?,1.0
[오늘 날씨: 구름 조금],오늘 뭐하지,[오늘 날씨: 흐림],아 오늘 나가지 말까?,1.0
[오늘 날씨: 구름 조금],오늘 뭐하지,[오늘 날씨: 눈],오늘 출근길 어떡하지?,1.0
[오늘 날씨: 구름 조금],오늘 뭐하지,[지금 있는 곳: 집],아 뭐 하지?,0.0
[오늘 날씨: 구름 조금],오늘 뭐하지,[가고 싶은 곳: 카페],로라야 오 나 드디어 쿠폰 생겼어,0.0
[오늘 날씨: 구름 조금],오늘 뭐하지,[먹고 싶은 음식: 돼지고기],로라야 나 드디어 고기 먹었어,0.0
[오늘 날씨: 구름 조금],오늘 뭐하지,[먹고 있는 음식: 아메리카노],아 이제 살 것 같다,0.0
[오늘 날씨: 구름 조금],오늘 뭐하지,[좋아하는 음식: 삼겹살],맛집 추천해 줘!,0.0
[오늘 날씨: 구름 조금],오늘 뭐하지,[좋아하는 꽃: 벚꽃],로라야 나 내일 꽃놀이 간다,0.0
[오늘 날씨: 구름 조금],오늘 뭐하지,[좋아하는 꽃: 개나리],나 내일 꽃 보러 간다! ㅎㅎ,0.0
[오늘 날씨: 구름 조금],오늘 뭐하지,[좋아하는 꽃: 목련],내일 나들이 가는데 같이 갈래?,0.0
[오늘 날씨: 구름 조금],오늘 뭐하지,[좋아하는 가수: 아이유],로라야 노래 추천해 줘,0.0
[오늘 날씨: 구름 조금],오늘 뭐하지,[좋아하는 가수: 블랙핑크],로라야 나 노래 추천해 줄 수 있어?,0.0
[오늘 날씨: 구름 조금],오늘 뭐하지,[좋아하는 가수: 트와이스],나 노래 듣고 싶어!,0.0
[오늘 날씨: 구름 조금],오늘 뭐하지,[좋아하는 가수: 방탄소년단],노래 좀 추천해 줘~,0.0
[오늘 날씨: 구름 조금],오늘 뭐하지,[좋아하는 과목: 수학],로라야 미분방정식 어렵지 않아?,0.0
[오늘 날씨: 구름 조금],오늘 뭐하지,[좋아하는 과목: 국어],내일 국어 시험인데 떨린다!,0.0
[오늘 날씨: 구름 조금],오늘 뭐하지,[좋아하는 과목: 영어],내일 영어 말하기 대회야,0.0
[오늘 날씨: 구름 조금],오늘 뭐하지,[내일 일정: 여행],오늘 저녁때 친구 만나기로 했는데,0.0
[오늘 날씨: 구름 조금],오늘 뭐하지,[내일 일정: 면접],아 떨린다 오늘 어떻게 잠들지?,0.0
[오늘 날씨: 구름 조금],오늘 뭐하지,[내일 일정: 술 약속],모레 아침에 어떻게 출근하지?,0.0
[오늘 날씨: 구름 조금],오늘 뭐하지,[내일 일정: 회식],내일 친구랑 약속 취소해야 할까?,0.0
[오늘 날씨: 구름 조금],오늘 뭐하지,[내일 일정: 회식],나 술 약한데 어떡하지?,0.0
[오늘 날씨: 구름 조금],오늘 뭐하지,[내일 일정: 자격증 시험],오늘 뭐 해야 할까?,0.0
[오늘 날씨: 구름 조금],오늘 뭐하지,[내일 일정: 코딩 테스트],아 알고리즘 복습 좀 하고 자야겠다,0.0
[오늘 날씨: 구름 조금],오늘 뭐하지,[내일 일정: 추석 연휴],로라야 내일 뭐하지?,0.0
[오늘 날씨: 구름 조금],오늘 뭐하지,[오늘 일정: 발표],나 발표 잘 할 수 있을까?,0.3333
[오늘 날씨: 구름 조금],오늘 뭐하지,[오늘 일정: 발표],로라야 나 떨려,0.3333
[오늘 날씨: 구름 조금],오늘 뭐하지,[오늘 일정: 발표],나 응원해줘,0.3333
[오늘 날씨: 구름 조금],오늘 뭐하지,[오늘 일정: 면접],나 잘할 수 있겠지?,0.3333
[오늘 날씨: 구름 조금],오늘 뭐하지,[오늘 일정: 면접],아 떨린다,0.3333
[오늘 날씨: 구름 조금],오늘 뭐하지,[오늘 일정: 친구랑 술자리],아 오늘 이따 저녁때 기대된다,0.3333
[오늘 날씨: 구름 조금],오늘 뭐하지,[오늘 일정: 친구랑 치맥],오늘 뭐 입고 나갈까?,0.3333
[오늘 날씨: 구름 조금],오늘 뭐하지,[오늘 일정: 생일],로라야 안녕?,0.3333
[오늘 날씨: 구름 조금],오늘 뭐 하면 좋을까,[롤 티어: 브론즈],나 롤 티어 올랐다!,0.0
[오늘 날씨: 구름 조금],오늘 뭐 하면 좋을까,[오늘 날씨: 비],아 오늘 약속 있는데 어떡하지?,1.0
[오늘 날씨: 구름 조금],오늘 뭐 하면 좋을까,[오늘 날씨: 비],로라야 이런 날에는 뭐 먹을까,1.0
[오늘 날씨: 구름 조금],오늘 뭐 하면 좋을까,[오늘 날씨: 구름 조금],오늘 뭐하지,1.0
[오늘 날씨: 구름 조금],오늘 뭐 하면 좋을까,[오늘 날씨: 구름 조금],오늘 뭐 하면 좋을까,1.0
[오늘 날씨: 구름 조금],오늘 뭐 하면 좋을까,[오늘 날씨: 맑음],기분 좋은 날이네,1.0
[오늘 날씨: 구름 조금],오늘 뭐 하면 좋을까,[오늘 날씨: 맑음],로라야 오늘 공원에 사람 많을까?,1.0
[오늘 날씨: 구름 조금],오늘 뭐 하면 좋을까,[오늘 날씨: 흐림],아 오늘 나가지 말까?,1.0
[오늘 날씨: 구름 조금],오늘 뭐 하면 좋을까,[오늘 날씨: 눈],오늘 출근길 어떡하지?,1.0
[오늘 날씨: 구름 조금],오늘 뭐 하면 좋을까,[지금 있는 곳: 집],아 뭐 하지?,0.0
[오늘 날씨: 구름 조금],오늘 뭐 하면 좋을까,[가고 싶은 곳: 카페],로라야 오 나 드디어 쿠폰 생겼어,0.0
[오늘 날씨: 구름 조금],오늘 뭐 하면 좋을까,[먹고 싶은 음식: 돼지고기],로라야 나 드디어 고기 먹었어,0.0
[오늘 날씨: 구름 조금],오늘 뭐 하면 좋을까,[먹고 있는 음식: 아메리카노],아 이제 살 것 같다,0.0
[오늘 날씨: 구름 조금],오늘 뭐 하면 좋을까,[좋아하는 음식: 삼겹살],맛집 추천해 줘!,0.0
[오늘 날씨: 구름 조금],오늘 뭐 하면 좋을까,[좋아하는 꽃: 벚꽃],로라야 나 내일 꽃놀이 간다,0.0
[오늘 날씨: 구름 조금],오늘 뭐 하면 좋을까,[좋아하는 꽃: 개나리],나 내일 꽃 보러 간다! ㅎㅎ,0.0
[오늘 날씨: 구름 조금],오늘 뭐 하면 좋을까,[좋아하는 꽃: 목련],내일 나들이 가는데 같이 갈래?,0.0
[오늘 날씨: 구름 조금],오늘 뭐 하면 좋을까,[좋아하는 가수: 아이유],로라야 노래 추천해 줘,0.0
[오늘 날씨: 구름 조금],오늘 뭐 하면 좋을까,[좋아하는 가수: 블랙핑크],로라야 나 노래 추천해 줄 수 있어?,0.0
[오늘 날씨: 구름 조금],오늘 뭐 하면 좋을까,[좋아하는 가수: 트와이스],나 노래 듣고 싶어!,0.0
[오늘 날씨: 구름 조금],오늘 뭐 하면 좋을까,[좋아하는 가수: 방탄소년단],노래 좀 추천해 줘~,0.0
[오늘 날씨: 구름 조금],오늘 뭐 하면 좋을까,[좋아하는 과목: 수학],로라야 미분방정식 어렵지 않아?,0.0
[오늘 날씨: 구름 조금],오늘 뭐 하면 좋을까,[좋아하는 과목: 국어],내일 국어 시험인데 떨린다!,0.0
[오늘 날씨: 구름 조금],오늘 뭐 하면 좋을까,[좋아하는 과목: 영어],내일 영어 말하기 대회야,0.0
[오늘 날씨: 구름 조금],오늘 뭐 하면 좋을까,[내일 일정: 여행],오늘 저녁때 친구 만나기로 했는데,0.0
[오늘 날씨: 구름 조금],오늘 뭐 하면 좋을까,[내일 일정: 면접],아 떨린다 오늘 어떻게 잠들지?,0.0
[오늘 날씨: 구름 조금],오늘 뭐 하면 좋을까,[내일 일정: 술 약속],모레 아침에 어떻게 출근하지?,0.0
[오늘 날씨: 구름 조금],오늘 뭐 하면 좋을까,[내일 일정: 회식],내일 친구랑 약속 취소해야 할까?,0.0
[오늘 날씨: 구름 조금],오늘 뭐 하면 좋을까,[내일 일정: 회식],나 술 약한데 어떡하지?,0.0
[오늘 날씨: 구름 조금],오늘 뭐 하면 좋을까,[내일 일정: 자격증 시험],오늘 뭐 해야 할까?,0.0
[오늘 날씨: 구름 조금],오늘 뭐 하면 좋을까,[내일 일정: 코딩 테스트],아 알고리즘 복습 좀 하고 자야겠다,0.0
[오늘 날씨: 구름 조금],오늘 뭐 하면 좋을까,[내일 일정: 추석 연휴],로라야 내일 뭐하지?,0.0
[오늘 날씨: 구름 조금],오늘 뭐 하면 좋을까,[오늘 일정: 발표],나 발표 잘 할 수 있을까?,0.3333
[오늘 날씨: 구름 조금],오늘 뭐 하면 좋을까,[오늘 일정: 발표],로라야 나 떨려,0.3333
[오늘 날씨: 구름 조금],오늘 뭐 하면 좋을까,[오늘 일정: 발표],나 응원해줘,0.3333
[오늘 날씨: 구름 조금],오늘 뭐 하면 좋을까,[오늘 일정: 면접],나 잘할 수 있겠지?,0.3333
[오늘 날씨: 구름 조금],오늘 뭐 하면 좋을까,[오늘 일정: 면접],아 떨린다,0.3333
[오늘 날씨: 구름 조금],오늘 뭐 하면 좋을까,[오늘 일정: 친구랑 술자리],아 오늘 이따 저녁때 기대된다,0.3333
[오늘 날씨: 구름 조금],오늘 뭐 하면 좋을까,[오늘 일정: 친구랑 치맥],오늘 뭐 입고 나갈까?,0.3333
[오늘 날씨: 구름 조금],오늘 뭐 하면 좋을까,[오늘 일정: 생일],로라야 안녕?,0.3333
[오늘 날씨: 맑음],기분 좋은 날이네,[롤 티어: 브론즈],나 롤 티어 올랐다!,0.0
[오늘 날씨: 맑음],기분 좋은 날이네,[오늘 날씨: 비],아 오늘 약속 있는데 어떡하지?,1.0
[오늘 날씨: 맑음],기분 좋은 날이네,[오늘 날씨: 비],로라야 이런 날에는 뭐 먹을까,1.0
[오늘 날씨: 맑음],기분 좋은 날이네,[오늘 날씨: 구름 조금],오늘 뭐하지,1.0
[오늘 날씨: 맑음],기분 좋은 날이네,[오늘 날씨: 구름 조금],오늘 뭐 하면 좋을까,1.0
[오늘 날씨: 맑음],기분 좋은 날이네,[오늘 날씨: 맑음],기분 좋은 날이네,1.0
[오늘 날씨: 맑음],기분 좋은 날이네,[오늘 날씨: 맑음],로라야 오늘 공원에 사람 많을까?,1.0
[오늘 날씨: 맑음],기분 좋은 날이네,[오늘 날씨: 흐림],아 오늘 나가지 말까?,1.0
[오늘 날씨: 맑음],기분 좋은 날이네,[오늘 날씨: 눈],오늘 출근길 어떡하지?,1.0
[오늘 날씨: 맑음],기분 좋은 날이네,[지금 있는 곳: 집],아 뭐 하지?,0.0
[오늘 날씨: 맑음],기분 좋은 날이네,[가고 싶은 곳: 카페],로라야 오 나 드디어 쿠폰 생겼어,0.0
[오늘 날씨: 맑음],기분 좋은 날이네,[먹고 싶은 음식: 돼지고기],로라야 나 드디어 고기 먹었어,0.0
[오늘 날씨: 맑음],기분 좋은 날이네,[먹고 있는 음식: 아메리카노],아 이제 살 것 같다,0.0
[오늘 날씨: 맑음],기분 좋은 날이네,[좋아하는 음식: 삼겹살],맛집 추천해 줘!,0.0
[오늘 날씨: 맑음],기분 좋은 날이네,[좋아하는 꽃: 벚꽃],로라야 나 내일 꽃놀이 간다,0.0
[오늘 날씨: 맑음],기분 좋은 날이네,[좋아하는 꽃: 개나리],나 내일 꽃 보러 간다! ㅎㅎ,0.0
[오늘 날씨: 맑음],기분 좋은 날이네,[좋아하는 꽃: 목련],내일 나들이 가는데 같이 갈래?,0.0
[오늘 날씨: 맑음],기분 좋은 날이네,[좋아하는 가수: 아이유],로라야 노래 추천해 줘,0.0
[오늘 날씨: 맑음],기분 좋은 날이네,[좋아하는 가수: 블랙핑크],로라야 나 노래 추천해 줄 수 있어?,0.0
[오늘 날씨: 맑음],기분 좋은 날이네,[좋아하는 가수: 트와이스],나 노래 듣고 싶어!,0.0
[오늘 날씨: 맑음],기분 좋은 날이네,[좋아하는 가수: 방탄소년단],노래 좀 추천해 줘~,0.0
[오늘 날씨: 맑음],기분 좋은 날이네,[좋아하는 과목: 수학],로라야 미분방정식 어렵지 않아?,0.0
[오늘 날씨: 맑음],기분 좋은 날이네,[좋아하는 과목: 국어],내일 국어 시험인데 떨린다!,0.0
[오늘 날씨: 맑음],기분 좋은 날이네,[좋아하는 과목: 영어],내일 영어 말하기 대회야,0.0
[오늘 날씨: 맑음],기분 좋은 날이네,[내일 일정: 여행],오늘 저녁때 친구 만나기로 했는데,0.0
[오늘 날씨: 맑음],기분 좋은 날이네,[내일 일정: 면접],아 떨린다 오늘 어떻게 잠들지?,0.0
[오늘 날씨: 맑음],기분 좋은 날이네,[내일 일정: 술 약속],모레 아침에 어떻게 출근하지?,0.0
[오늘 날씨: 맑음],기분 좋은 날이네,[내일 일정: 회식],내일 친구랑 약속 취소해야 할까?,0.0
[오늘 날씨: 맑음],기분 좋은 날이네,[내일 일정: 회식],나 술 약한데 어떡하지?,0.0
[오늘 날씨: 맑음],기분 좋은 날이네,[내일 일정: 자격증 시험],오늘 뭐 해야 할까?,0.0
[오늘 날씨: 맑음],기분 좋은 날이네,[내일 일정: 코딩 테스트],아 알고리즘 복습 좀 하고 자야겠다,0.0
[오늘 날씨: 맑음],기분 좋은 날이네,[내일 일정: 추석 연휴],로라야 내일 뭐하지?,0.0
[오늘 날씨: 맑음],기분 좋은 날이네,[오늘 일정: 발표],나 발표 잘 할 수 있을까?,0.3333
[오늘 날씨: 맑음],기분 좋은 날이네,[오늘 일정: 발표],로라야 나 떨려,0.3333
[오늘 날씨: 맑음],기분 좋은 날이네,[오늘 일정: 발표],나 응원해줘,0.3333
[오늘 날씨: 맑음],기분 좋은 날이네,[오늘 일정: 면접],나 잘할 수 있겠지?,0.3333
[오늘 날씨: 맑음],기분 좋은 날이네,[오늘 일정: 면접],아 떨린다,0.3333
[오늘 날씨: 맑음],기분 좋은 날이네,[오늘 일정: 친구랑 술자리],아 오늘 이따 저녁때 기대된다,0.3333
[오늘 날씨: 맑음],기분 좋은 날이네,[오늘 일정: 친구랑 치맥],오늘 뭐 입고 나갈까?,0.3333
[오늘 날씨: 맑음],기분 좋은 날이네,[오늘 일정: 생일],로라야 안녕?,0.3333
[오늘 날씨: 맑음],로라야 오늘 공원에 사람 많을까?,[롤 티어: 브론즈],나 롤 티어 올랐다!,0.0
[오늘 날씨: 맑음],로라야 오늘 공원에 사람 많을까?,[오늘 날씨: 비],아 오늘 약속 있는데 어떡하지?,1.0
[오늘 날씨: 맑음],로라야 오늘 공원에 사람 많을까?,[오늘 날씨: 비],로라야 이런 날에는 뭐 먹을까,1.0
[오늘 날씨: 맑음],로라야 오늘 공원에 사람 많을까?,[오늘 날씨: 구름 조금],오늘 뭐하지,1.0
[오늘 날씨: 맑음],로라야 오늘 공원에 사람 많을까?,[오늘 날씨: 구름 조금],오늘 뭐 하면 좋을까,1.0
[오늘 날씨: 맑음],로라야 오늘 공원에 사람 많을까?,[오늘 날씨: 맑음],기분 좋은 날이네,1.0
[오늘 날씨: 맑음],로라야 오늘 공원에 사람 많을까?,[오늘 날씨: 맑음],로라야 오늘 공원에 사람 많을까?,1.0
[오늘 날씨: 맑음],로라야 오늘 공원에 사람 많을까?,[오늘 날씨: 흐림],아 오늘 나가지 말까?,1.0
[오늘 날씨: 맑음],로라야 오늘 공원에 사람 많을까?,[오늘 날씨: 눈],오늘 출근길 어떡하지?,1.0
[오늘 날씨: 맑음],로라야 오늘 공원에 사람 많을까?,[지금 있는 곳: 집],아 뭐 하지?,0.0
[오늘 날씨: 맑음],로라야 오늘 공원에 사람 많을까?,[가고 싶은 곳: 카페],로라야 오 나 드디어 쿠폰 생겼어,0.0
[오늘 날씨: 맑음],로라야 오늘 공원에 사람 많을까?,[먹고 싶은 음식: 돼지고기],로라야 나 드디어 고기 먹었어,0.0
[오늘 날씨: 맑음],로라야 오늘 공원에 사람 많을까?,[먹고 있는 음식: 아메리카노],아 이제 살 것 같다,0.0
[오늘 날씨: 맑음],로라야 오늘 공원에 사람 많을까?,[좋아하는 음식: 삼겹살],맛집 추천해 줘!,0.0
[오늘 날씨: 맑음],로라야 오늘 공원에 사람 많을까?,[좋아하는 꽃: 벚꽃],로라야 나 내일 꽃놀이 간다,0.0
[오늘 날씨: 맑음],로라야 오늘 공원에 사람 많을까?,[좋아하는 꽃: 개나리],나 내일 꽃 보러 간다! ㅎㅎ,0.0
[오늘 날씨: 맑음],로라야 오늘 공원에 사람 많을까?,[좋아하는 꽃: 목련],내일 나들이 가는데 같이 갈래?,0.0
[오늘 날씨: 맑음],로라야 오늘 공원에 사람 많을까?,[좋아하는 가수: 아이유],로라야 노래 추천해 줘,0.0
[오늘 날씨: 맑음],로라야 오늘 공원에 사람 많을까?,[좋아하는 가수: 블랙핑크],로라야 나 노래 추천해 줄 수 있어?,0.0
[오늘 날씨: 맑음],로라야 오늘 공원에 사람 많을까?,[좋아하는 가수: 트와이스],나 노래 듣고 싶어!,0.0
[오늘 날씨: 맑음],로라야 오늘 공원에 사람 많을까?,[좋아하는 가수: 방탄소년단],노래 좀 추천해 줘~,0.0
[오늘 날씨: 맑음],로라야 오늘 공원에 사람 많을까?,[좋아하는 과목: 수학],로라야 미분방정식 어렵지 않아?,0.0
[오늘 날씨: 맑음],로라야 오늘 공원에 사람 많을까?,[좋아하는 과목: 국어],내일 국어 시험인데 떨린다!,0.0
[오늘 날씨: 맑음],로라야 오늘 공원에 사람 많을까?,[좋아하는 과목: 영어],내일 영어 말하기 대회야,0.0
[오늘 날씨: 맑음],로라야 오늘 공원에 사람 많을까?,[내일 일정: 여행],오늘 저녁때 친구 만나기로 했는데,0.0
[오늘 날씨: 맑음],로라야 오늘 공원에 사람 많을까?,[내일 일정: 면접],아 떨린다 오늘 어떻게 잠들지?,0.0
[오늘 날씨: 맑음],로라야 오늘 공원에 사람 많을까?,[내일 일정: 술 약속],모레 아침에 어떻게 출근하지?,0.0
[오늘 날씨: 맑음],로라야 오늘 공원에 사람 많을까?,[내일 일정: 회식],내일 친구랑 약속 취소해야 할까?,0.0
[오늘 날씨: 맑음],로라야 오늘 공원에 사람 많을까?,[내일 일정: 회식],나 술 약한데 어떡하지?,0.0
[오늘 날씨: 맑음],로라야 오늘 공원에 사람 많을까?,[내일 일정: 자격증 시험],오늘 뭐 해야 할까?,0.0
[오늘 날씨: 맑음],로라야 오늘 공원에 사람 많을까?,[내일 일정: 코딩 테스트],아 알고리즘 복습 좀 하고 자야겠다,0.0
[오늘 날씨: 맑음],로라야 오늘 공원에 사람 많을까?,[내일 일정: 추석 연휴],로라야 내일 뭐하지?,0.0
[오늘 날씨: 맑음],로라야 오늘 공원에 사람 많을까?,[오늘 일정: 발표],나 발표 잘 할 수 있을까?,0.3333
[오늘 날씨: 맑음],로라야 오늘 공원에 사람 많을까?,[오늘 일정: 발표],로라야 나 떨려,0.3333
[오늘 날씨: 맑음],로라야 오늘 공원에 사람 많을까?,[오늘 일정: 발표],나 응원해줘,0.3333
[오늘 날씨: 맑음],로라야 오늘 공원에 사람 많을까?,[오늘 일정: 면접],나 잘할 수 있겠지?,0.3333
[오늘 날씨: 맑음],로라야 오늘 공원에 사람 많을까?,[오늘 일정: 면접],아 떨린다,0.3333
[오늘 날씨: 맑음],로라야 오늘 공원에 사람 많을까?,[오늘 일정: 친구랑 술자리],아 오늘 이따 저녁때 기대된다,0.3333
[오늘 날씨: 맑음],로라야 오늘 공원에 사람 많을까?,[오늘 일정: 친구랑 치맥],오늘 뭐 입고 나갈까?,0.3333
[오늘 날씨: 맑음],로라야 오늘 공원에 사람 많을까?,[오늘 일정: 생일],로라야 안녕?,0.3333
[오늘 날씨: 흐림],아 오늘 나가지 말까?,[롤 티어: 브론즈],나 롤 티어 올랐다!,0.0
[오늘 날씨: 흐림],아 오늘 나가지 말까?,[오늘 날씨: 비],아 오늘 약속 있는데 어떡하지?,1.0
[오늘 날씨: 흐림],아 오늘 나가지 말까?,[오늘 날씨: 비],로라야 이런 날에는 뭐 먹을까,1.0
[오늘 날씨: 흐림],아 오늘 나가지 말까?,[오늘 날씨: 구름 조금],오늘 뭐하지,1.0
[오늘 날씨: 흐림],아 오늘 나가지 말까?,[오늘 날씨: 구름 조금],오늘 뭐 하면 좋을까,1.0
[오늘 날씨: 흐림],아 오늘 나가지 말까?,[오늘 날씨: 맑음],기분 좋은 날이네,1.0
[오늘 날씨: 흐림],아 오늘 나가지 말까?,[오늘 날씨: 맑음],로라야 오늘 공원에 사람 많을까?,1.0
[오늘 날씨: 흐림],아 오늘 나가지 말까?,[오늘 날씨: 흐림],아 오늘 나가지 말까?,1.0
[오늘 날씨: 흐림],아 오늘 나가지 말까?,[오늘 날씨: 눈],오늘 출근길 어떡하지?,1.0
[오늘 날씨: 흐림],아 오늘 나가지 말까?,[지금 있는 곳: 집],아 뭐 하지?,0.0
[오늘 날씨: 흐림],아 오늘 나가지 말까?,[가고 싶은 곳: 카페],로라야 오 나 드디어 쿠폰 생겼어,0.0
[오늘 날씨: 흐림],아 오늘 나가지 말까?,[먹고 싶은 음식: 돼지고기],로라야 나 드디어 고기 먹었어,0.0
[오늘 날씨: 흐림],아 오늘 나가지 말까?,[먹고 있는 음식: 아메리카노],아 이제 살 것 같다,0.0
[오늘 날씨: 흐림],아 오늘 나가지 말까?,[좋아하는 음식: 삼겹살],맛집 추천해 줘!,0.0
[오늘 날씨: 흐림],아 오늘 나가지 말까?,[좋아하는 꽃: 벚꽃],로라야 나 내일 꽃놀이 간다,0.0
[오늘 날씨: 흐림],아 오늘 나가지 말까?,[좋아하는 꽃: 개나리],나 내일 꽃 보러 간다! ㅎㅎ,0.0
[오늘 날씨: 흐림],아 오늘 나가지 말까?,[좋아하는 꽃: 목련],내일 나들이 가는데 같이 갈래?,0.0
[오늘 날씨: 흐림],아 오늘 나가지 말까?,[좋아하는 가수: 아이유],로라야 노래 추천해 줘,0.0
[오늘 날씨: 흐림],아 오늘 나가지 말까?,[좋아하는 가수: 블랙핑크],로라야 나 노래 추천해 줄 수 있어?,0.0
[오늘 날씨: 흐림],아 오늘 나가지 말까?,[좋아하는 가수: 트와이스],나 노래 듣고 싶어!,0.0
[오늘 날씨: 흐림],아 오늘 나가지 말까?,[좋아하는 가수: 방탄소년단],노래 좀 추천해 줘~,0.0
[오늘 날씨: 흐림],아 오늘 나가지 말까?,[좋아하는 과목: 수학],로라야 미분방정식 어렵지 않아?,0.0
[오늘 날씨: 흐림],아 오늘 나가지 말까?,[좋아하는 과목: 국어],내일 국어 시험인데 떨린다!,0.0
[오늘 날씨: 흐림],아 오늘 나가지 말까?,[좋아하는 과목: 영어],내일 영어 말하기 대회야,0.0
[오늘 날씨: 흐림],아 오늘 나가지 말까?,[내일 일정: 여행],오늘 저녁때 친구 만나기로 했는데,0.0
[오늘 날씨: 흐림],아 오늘 나가지 말까?,[내일 일정: 면접],아 떨린다 오늘 어떻게 잠들지?,0.0
[오늘 날씨: 흐림],아 오늘 나가지 말까?,[내일 일정: 술 약속],모레 아침에 어떻게 출근하지?,0.0
[오늘 날씨: 흐림],아 오늘 나가지 말까?,[내일 일정: 회식],내일 친구랑 약속 취소해야 할까?,0.0
[오늘 날씨: 흐림],아 오늘 나가지 말까?,[내일 일정: 회식],나 술 약한데 어떡하지?,0.0
[오늘 날씨: 흐림],아 오늘 나가지 말까?,[내일 일정: 자격증 시험],오늘 뭐 해야 할까?,0.0
[오늘 날씨: 흐림],아 오늘 나가지 말까?,[내일 일정: 코딩 테스트],아 알고리즘 복습 좀 하고 자야겠다,0.0
[오늘 날씨: 흐림],아 오늘 나가지 말까?,[내일 일정: 추석 연휴],로라야 내일 뭐하지?,0.0
[오늘 날씨: 흐림],아 오늘 나가지 말까?,[오늘 일정: 발표],나 발표 잘 할 수 있을까?,0.3333
[오늘 날씨: 흐림],아 오늘 나가지 말까?,[오늘 일정: 발표],로라야 나 떨려,0.3333
[오늘 날씨: 흐림],아 오늘 나가지 말까?,[오늘 일정: 발표],나 응원해줘,0.3333
[오늘 날씨: 흐림],아 오늘 나가지 말까?,[오늘 일정: 면접],나 잘할 수 있겠지?,0.3333
[오늘 날씨: 흐림],아 오늘 나가지 말까?,[오늘 일정: 면접],아 떨린다,0.3333
[오늘 날씨: 흐림],아 오늘 나가지 말까?,[오늘 일정: 친구랑 술자리],아 오늘 이따 저녁때 기대된다,0.3333
[오늘 날씨: 흐림],아 오늘 나가지 말까?,[오늘 일정: 친구랑 치맥],오늘 뭐 입고 나갈까?,0.3333
[오늘 날씨: 흐림],아 오늘 나가지 말까?,[오늘 일정: 생일],로라야 안녕?,0.3333
[오늘 날씨: 눈],오늘 출근길 어떡하지?,[롤 티어: 브론즈],나 롤 티어 올랐다!,0.0
[오늘 날씨: 눈],오늘 출근길 어떡하지?,[오늘 날씨: 비],아 오늘 약속 있는데 어떡하지?,1.0
[오늘 날씨: 눈],오늘 출근길 어떡하지?,[오늘 날씨: 비],로라야 이런 날에는 뭐 먹을까,1.0
[오늘 날씨: 눈],오늘 출근길 어떡하지?,[오늘 날씨: 구름 조금],오늘 뭐하지,1.0
[오늘 날씨: 눈],오늘 출근길 어떡하지?,[오늘 날씨: 구름 조금],오늘 뭐 하면 좋을까,1.0
[오늘 날씨: 눈],오늘 출근길 어떡하지?,[오늘 날씨: 맑음],기분 좋은 날이네,1.0
[오늘 날씨: 눈],오늘 출근길 어떡하지?,[오늘 날씨: 맑음],로라야 오늘 공원에 사람 많을까?,1.0
[오늘 날씨: 눈],오늘 출근길 어떡하지?,[오늘 날씨: 흐림],아 오늘 나가지 말까?,1.0
[오늘 날씨: 눈],오늘 출근길 어떡하지?,[오늘 날씨: 눈],오늘 출근길 어떡하지?,1.0
[오늘 날씨: 눈],오늘 출근길 어떡하지?,[지금 있는 곳: 집],아 뭐 하지?,0.0
[오늘 날씨: 눈],오늘 출근길 어떡하지?,[가고 싶은 곳: 카페],로라야 오 나 드디어 쿠폰 생겼어,0.0
[오늘 날씨: 눈],오늘 출근길 어떡하지?,[먹고 싶은 음식: 돼지고기],로라야 나 드디어 고기 먹었어,0.0
[오늘 날씨: 눈],오늘 출근길 어떡하지?,[먹고 있는 음식: 아메리카노],아 이제 살 것 같다,0.0
[오늘 날씨: 눈],오늘 출근길 어떡하지?,[좋아하는 음식: 삼겹살],맛집 추천해 줘!,0.0
[오늘 날씨: 눈],오늘 출근길 어떡하지?,[좋아하는 꽃: 벚꽃],로라야 나 내일 꽃놀이 간다,0.0
[오늘 날씨: 눈],오늘 출근길 어떡하지?,[좋아하는 꽃: 개나리],나 내일 꽃 보러 간다! ㅎㅎ,0.0
[오늘 날씨: 눈],오늘 출근길 어떡하지?,[좋아하는 꽃: 목련],내일 나들이 가는데 같이 갈래?,0.0
[오늘 날씨: 눈],오늘 출근길 어떡하지?,[좋아하는 가수: 아이유],로라야 노래 추천해 줘,0.0
[오늘 날씨: 눈],오늘 출근길 어떡하지?,[좋아하는 가수: 블랙핑크],로라야 나 노래 추천해 줄 수 있어?,0.0
[오늘 날씨: 눈],오늘 출근길 어떡하지?,[좋아하는 가수: 트와이스],나 노래 듣고 싶어!,0.0
[오늘 날씨: 눈],오늘 출근길 어떡하지?,[좋아하는 가수: 방탄소년단],노래 좀 추천해 줘~,0.0
[오늘 날씨: 눈],오늘 출근길 어떡하지?,[좋아하는 과목: 수학],로라야 미분방정식 어렵지 않아?,0.0
[오늘 날씨: 눈],오늘 출근길 어떡하지?,[좋아하는 과목: 국어],내일 국어 시험인데 떨린다!,0.0
[오늘 날씨: 눈],오늘 출근길 어떡하지?,[좋아하는 과목: 영어],내일 영어 말하기 대회야,0.0
[오늘 날씨: 눈],오늘 출근길 어떡하지?,[내일 일정: 여행],오늘 저녁때 친구 만나기로 했는데,0.0
[오늘 날씨: 눈],오늘 출근길 어떡하지?,[내일 일정: 면접],아 떨린다 오늘 어떻게 잠들지?,0.0
[오늘 날씨: 눈],오늘 출근길 어떡하지?,[내일 일정: 술 약속],모레 아침에 어떻게 출근하지?,0.0
[오늘 날씨: 눈],오늘 출근길 어떡하지?,[내일 일정: 회식],내일 친구랑 약속 취소해야 할까?,0.0
[오늘 날씨: 눈],오늘 출근길 어떡하지?,[내일 일정: 회식],나 술 약한데 어떡하지?,0.0
[오늘 날씨: 눈],오늘 출근길 어떡하지?,[내일 일정: 자격증 시험],오늘 뭐 해야 할까?,0.0
[오늘 날씨: 눈],오늘 출근길 어떡하지?,[내일 일정: 코딩 테스트],아 알고리즘 복습 좀 하고 자야겠다,0.0
[오늘 날씨: 눈],오늘 출근길 어떡하지?,[내일 일정: 추석 연휴],로라야 내일 뭐하지?,0.0
[오늘 날씨: 눈],오늘 출근길 어떡하지?,[오늘 일정: 발표],나 발표 잘 할 수 있을까?,0.3333
[오늘 날씨: 눈],오늘 출근길 어떡하지?,[오늘 일정: 발표],로라야 나 떨려,0.3333
[오늘 날씨: 눈],오늘 출근길 어떡하지?,[오늘 일정: 발표],나 응원해줘,0.3333
[오늘 날씨: 눈],오늘 출근길 어떡하지?,[오늘 일정: 면접],나 잘할 수 있겠지?,0.3333
[오늘 날씨: 눈],오늘 출근길 어떡하지?,[오늘 일정: 면접],아 떨린다,0.3333
[오늘 날씨: 눈],오늘 출근길 어떡하지?,[오늘 일정: 친구랑 술자리],아 오늘 이따 저녁때 기대된다,0.3333
[오늘 날씨: 눈],오늘 출근길 어떡하지?,[오늘 일정: 친구랑 치맥],오늘 뭐 입고 나갈까?,0.3333
[오늘 날씨: 눈],오늘 출근길 어떡하지?,[오늘 일정: 생일],로라야 안녕?,0.3333
[지금 있는 곳: 집],아 뭐 하지?,[롤 티어: 브론즈],나 롤 티어 올랐다!,0.0
[지금 있는 곳: 집],아 뭐 하지?,[오늘 날씨: 비],아 오늘 약속 있는데 어떡하지?,0.0
[지금 있는 곳: 집],아 뭐 하지?,[오늘 날씨: 비],로라야 이런 날에는 뭐 먹을까,0.0
[지금 있는 곳: 집],아 뭐 하지?,[오늘 날씨: 구름 조금],오늘 뭐하지,0.0
[지금 있는 곳: 집],아 뭐 하지?,[오늘 날씨: 구름 조금],오늘 뭐 하면 좋을까,0.0
[지금 있는 곳: 집],아 뭐 하지?,[오늘 날씨: 맑음],기분 좋은 날이네,0.0
[지금 있는 곳: 집],아 뭐 하지?,[오늘 날씨: 맑음],로라야 오늘 공원에 사람 많을까?,0.0
[지금 있는 곳: 집],아 뭐 하지?,[오늘 날씨: 흐림],아 오늘 나가지 말까?,0.0
[지금 있는 곳: 집],아 뭐 하지?,[오늘 날씨: 눈],오늘 출근길 어떡하지?,0.0
[지금 있는 곳: 집],아 뭐 하지?,[지금 있는 곳: 집],아 뭐 하지?,1.0
[지금 있는 곳: 집],아 뭐 하지?,[가고 싶은 곳: 카페],로라야 오 나 드디어 쿠폰 생겼어,0.2
[지금 있는 곳: 집],아 뭐 하지?,[먹고 싶은 음식: 돼지고기],로라야 나 드디어 고기 먹었어,0.0
[지금 있는 곳: 집],아 뭐 하지?,[먹고 있는 음식: 아메리카노],아 이제 살 것 같다,0.2
[지금 있는 곳: 집],아 뭐 하지?,[좋아하는 음식: 삼겹살],맛집 추천해 줘!,0.0
[지금 있는 곳: 집],아 뭐 하지?,[좋아하는 꽃: 벚꽃],로라야 나 내일 꽃놀이 간다,0.0
[지금 있는 곳: 집],아 뭐 하지?,[좋아하는 꽃: 개나리],나 내일 꽃 보러 간다! ㅎㅎ,0.0
[지금 있는 곳: 집],아 뭐 하지?,[좋아하는 꽃: 목련],내일 나들이 가는데 같이 갈래?,0.0
[지금 있는 곳: 집],아 뭐 하지?,[좋아하는 가수: 아이유],로라야 노래 추천해 줘,0.0
[지금 있는 곳: 집],아 뭐 하지?,[좋아하는 가수: 블랙핑크],로라야 나 노래 추천해 줄 수 있어?,0.0
[지금 있는 곳: 집],아 뭐 하지?,[좋아하는 가수: 트와이스],나 노래 듣고 싶어!,0.0
[지금 있는 곳: 집],아 뭐 하지?,[좋아하는 가수: 방탄소년단],노래 좀 추천해 줘~,0.0
[지금 있는 곳: 집],아 뭐 하지?,[좋아하는 과목: 수학],로라야 미분방정식 어렵지 않아?,0.0
[지금 있는 곳: 집],아 뭐 하지?,[좋아하는 과목: 국어],내일 국어 시험인데 떨린다!,0.0
[지금 있는 곳: 집],아 뭐 하지?,[좋아하는 과목: 영어],내일 영어 말하기 대회야,0.0
[지금 있는 곳: 집],아 뭐 하지?,[내일 일정: 여행],오늘 저녁때 친구 만나기로 했는데,0.0
[지금 있는 곳: 집],아 뭐 하지?,[내일 일정: 면접],아 떨린다 오늘 어떻게 잠들지?,0.0
[지금 있는 곳: 집],아 뭐 하지?,[내일 일정: 술 약속],모레 아침에 어떻게 출근하지?,0.0
[지금 있는 곳: 집],아 뭐 하지?,[내일 일정: 회식],내일 친구랑 약속 취소해야 할까?,0.0
[지금 있는 곳: 집],아 뭐 하지?,[내일 일정: 회식],나 술 약한데 어떡하지?,0.0
[지금 있는 곳: 집],아 뭐 하지?,[내일 일정: 자격증 시험],오늘 뭐 해야 할까?,0.0
[지금 있는 곳: 집],아 뭐 하지?,[내일 일정: 코딩 테스트],아 알고리즘 복습 좀 하고 자야겠다,0.0
[지금 있는 곳: 집],아 뭐 하지?,[내일 일정: 추석 연휴],로라야 내일 뭐하지?,0.0
[지금 있는 곳: 집],아 뭐 하지?,[오늘 일정: 발표],나 발표 잘 할 수 있을까?,0.0
[지금 있는 곳: 집],아 뭐 하지?,[오늘 일정: 발표],로라야 나 떨려,0.0
[지금 있는 곳: 집],아 뭐 하지?,[오늘 일정: 발표],나 응원해줘,0.0
[지금 있는 곳: 집],아 뭐 하지?,[오늘 일정: 면접],나 잘할 수 있겠지?,0.0
[지금 있는 곳: 집],아 뭐 하지?,[오늘 일정: 면접],아 떨린다,0.0
[지금 있는 곳: 집],아 뭐 하지?,[오늘 일정: 친구랑 술자리],아 오늘 이따 저녁때 기대된다,0.0
[지금 있는 곳: 집],아 뭐 하지?,[오늘 일정: 친구랑 치맥],오늘 뭐 입고 나갈까?,0.0
[지금 있는 곳: 집],아 뭐 하지?,[오늘 일정: 생일],로라야 안녕?,0.0
[가고 싶은 곳: 카페],로라야 오 나 드디어 쿠폰 생겼어,[롤 티어: 브론즈],나 롤 티어 올랐다!,0.0
[가고 싶은 곳: 카페],로라야 오 나 드디어 쿠폰 생겼어,[오늘 날씨: 비],아 오늘 약속 있는데 어떡하지?,0.0
[가고 싶은 곳: 카페],로라야 오 나 드디어 쿠폰 생겼어,[오늘 날씨: 비],로라야 이런 날에는 뭐 먹을까,0.0
[가고 싶은 곳: 카페],로라야 오 나 드디어 쿠폰 생겼어,[오늘 날씨: 구름 조금],오늘 뭐하지,0.0
[가고 싶은 곳: 카페],로라야 오 나 드디어 쿠폰 생겼어,[오늘 날씨: 구름 조금],오늘 뭐 하면 좋을까,0.0
[가고 싶은 곳: 카페],로라야 오 나 드디어 쿠폰 생겼어,[오늘 날씨: 맑음],기분 좋은 날이네,0.0
[가고 싶은 곳: 카페],로라야 오 나 드디어 쿠폰 생겼어,[오늘 날씨: 맑음],로라야 오늘 공원에 사람 많을까?,0.0
[가고 싶은 곳: 카페],로라야 오 나 드디어 쿠폰 생겼어,[오늘 날씨: 흐림],아 오늘 나가지 말까?,0.0
[가고 싶은 곳: 카페],로라야 오 나 드디어 쿠폰 생겼어,[오늘 날씨: 눈],오늘 출근길 어떡하지?,0.0
[가고 싶은 곳: 카페],로라야 오 나 드디어 쿠폰 생겼어,[지금 있는 곳: 집],아 뭐 하지?,0.2
[가고 싶은 곳: 카페],로라야 오 나 드디어 쿠폰 생겼어,[가고 싶은 곳: 카페],로라야 오 나 드디어 쿠폰 생겼어,1.0
[가고 싶은 곳: 카페],로라야 오 나 드디어 쿠폰 생겼어,[먹고 싶은 음식: 돼지고기],로라야 나 드디어 고기 먹었어,0.2
[가고 싶은 곳: 카페],로라야 오 나 드디어 쿠폰 생겼어,[먹고 있는 음식: 아메리카노],아 이제 살 것 같다,0.0
[가고 싶은 곳: 카페],로라야 오 나 드디어 쿠폰 생겼어,[좋아하는 음식: 삼겹살],맛집 추천해 줘!,0.0
[가고 싶은 곳: 카페],로라야 오 나 드디어 쿠폰 생겼어,[좋아하는 꽃: 벚꽃],로라야 나 내일 꽃놀이 간다,0.0
[가고 싶은 곳: 카페],로라야 오 나 드디어 쿠폰 생겼어,[좋아하는 꽃: 개나리],나 내일 꽃 보러 간다! ㅎㅎ,0.0
[가고 싶은 곳: 카페],로라야 오 나 드디어 쿠폰 생겼어,[좋아하는 꽃: 목련],내일 나들이 가는데 같이 갈래?,0.0
[가고 싶은 곳: 카페],로라야 오 나 드디어 쿠폰 생겼어,[좋아하는 가수: 아이유],로라야 노래 추천해 줘,0.0
[가고 싶은 곳: 카페],로라야 오 나 드디어 쿠폰 생겼어,[좋아하는 가수: 블랙핑크],로라야 나 노래 추천해 줄 수 있어?,0.0
[가고 싶은 곳: 카페],로라야 오 나 드디어 쿠폰 생겼어,[좋아하는 가수: 트와이스],나 노래 듣고 싶어!,0.0
[가고 싶은 곳: 카페],로라야 오 나 드디어 쿠폰 생겼어,[좋아하는 가수: 방탄소년단],노래 좀 추천해 줘~,0.0
[가고 싶은 곳: 카페],로라야 오 나 드디어 쿠폰 생겼어,[좋아하는 과목: 수학],로라야 미분방정식 어렵지 않아?,0.0
[가고 싶은 곳: 카페],로라야 오 나 드디어 쿠폰 생겼어,[좋아하는 과목: 국어],내일 국어 시험인데 떨린다!,0.0
[가고 싶은 곳: 카페],로라야 오 나 드디어 쿠폰 생겼어,[좋아하는 과목: 영어],내일 영어 말하기 대회야,0.0
[가고 싶은 곳: 카페],로라야 오 나 드디어 쿠폰 생겼어,[내일 일정: 여행],오늘 저녁때 친구 만나기로 했는데,0.0
[가고 싶은 곳: 카페],로라야 오 나 드디어 쿠폰 생겼어,[내일 일정: 면접],아 떨린다 오늘 어떻게 잠들지?,0.0
[가고 싶은 곳: 카페],로라야 오 나 드디어 쿠폰 생겼어,[내일 일정: 술 약속],모레 아침에 어떻게 출근하지?,0.0
[가고 싶은 곳: 카페],로라야 오 나 드디어 쿠폰 생겼어,[내일 일정: 회식],내일 친구랑 약속 취소해야 할까?,0.0
[가고 싶은 곳: 카페],로라야 오 나 드디어 쿠폰 생겼어,[내일 일정: 회식],나 술 약한데 어떡하지?,0.0
[가고 싶은 곳: 카페],로라야 오 나 드디어 쿠폰 생겼어,[내일 일정: 자격증 시험],오늘 뭐 해야 할까?,0.0
[가고 싶은 곳: 카페],로라야 오 나 드디어 쿠폰 생겼어,[내일 일정: 코딩 테스트],아 알고리즘 복습 좀 하고 자야겠다,0.0
[가고 싶은 곳: 카페],로라야 오 나 드디어 쿠폰 생겼어,[내일 일정: 추석 연휴],로라야 내일 뭐하지?,0.0
[가고 싶은 곳: 카페],로라야 오 나 드디어 쿠폰 생겼어,[오늘 일정: 발표],나 발표 잘 할 수 있을까?,0.0
[가고 싶은 곳: 카페],로라야 오 나 드디어 쿠폰 생겼어,[오늘 일정: 발표],로라야 나 떨려,0.0
[가고 싶은 곳: 카페],로라야 오 나 드디어 쿠폰 생겼어,[오늘 일정: 발표],나 응원해줘,0.0
[가고 싶은 곳: 카페],로라야 오 나 드디어 쿠폰 생겼어,[오늘 일정: 면접],나 잘할 수 있겠지?,0.0
[가고 싶은 곳: 카페],로라야 오 나 드디어 쿠폰 생겼어,[오늘 일정: 면접],아 떨린다,0.0
[가고 싶은 곳: 카페],로라야 오 나 드디어 쿠폰 생겼어,[오늘 일정: 친구랑 술자리],아 오늘 이따 저녁때 기대된다,0.0
[가고 싶은 곳: 카페],로라야 오 나 드디어 쿠폰 생겼어,[오늘 일정: 친구랑 치맥],오늘 뭐 입고 나갈까?,0.0
[가고 싶은 곳: 카페],로라야 오 나 드디어 쿠폰 생겼어,[오늘 일정: 생일],로라야 안녕?,0.0
[먹고 싶은 음식: 돼지고기],로라야 나 드디어 고기 먹었어,[롤 티어: 브론즈],나 롤 티어 올랐다!,0.0
[먹고 싶은 음식: 돼지고기],로라야 나 드디어 고기 먹었어,[오늘 날씨: 비],아 오늘 약속 있는데 어떡하지?,0.0
[먹고 싶은 음식: 돼지고기],로라야 나 드디어 고기 먹었어,[오늘 날씨: 비],로라야 이런 날에는 뭐 먹을까,0.0
[먹고 싶은 음식: 돼지고기],로라야 나 드디어 고기 먹었어,[오늘 날씨: 구름 조금],오늘 뭐하지,0.0
[먹고 싶은 음식: 돼지고기],로라야 나 드디어 고기 먹었어,[오늘 날씨: 구름 조금],오늘 뭐 하면 좋을까,0.0
[먹고 싶은 음식: 돼지고기],로라야 나 드디어 고기 먹었어,[오늘 날씨: 맑음],기분 좋은 날이네,0.0
[먹고 싶은 음식: 돼지고기],로라야 나 드디어 고기 먹었어,[오늘 날씨: 맑음],로라야 오늘 공원에 사람 많을까?,0.0
[먹고 싶은 음식: 돼지고기],로라야 나 드디어 고기 먹었어,[오늘 날씨: 흐림],아 오늘 나가지 말까?,0.0
[먹고 싶은 음식: 돼지고기],로라야 나 드디어 고기 먹었어,[오늘 날씨: 눈],오늘 출근길 어떡하지?,0.0
[먹고 싶은 음식: 돼지고기],로라야 나 드디어 고기 먹었어,[지금 있는 곳: 집],아 뭐 하지?,0.0
[먹고 싶은 음식: 돼지고기],로라야 나 드디어 고기 먹었어,[가고 싶은 곳: 카페],로라야 오 나 드디어 쿠폰 생겼어,0.2
[먹고 싶은 음식: 돼지고기],로라야 나 드디어 고기 먹었어,[먹고 싶은 음식: 돼지고기],로라야 나 드디어 고기 먹었어,1.0
[먹고 싶은 음식: 돼지고기],로라야 나 드디어 고기 먹었어,[먹고 있는 음식: 아메리카노],아 이제 살 것 같다,0.5
[먹고 싶은 음식: 돼지고기],로라야 나 드디어 고기 먹었어,[좋아하는 음식: 삼겹살],맛집 추천해 줘!,0.25
[먹고 싶은 음식: 돼지고기],로라야 나 드디어 고기 먹었어,[좋아하는 꽃: 벚꽃],로라야 나 내일 꽃놀이 간다,0.0
[먹고 싶은 음식: 돼지고기],로라야 나 드디어 고기 먹었어,[좋아하는 꽃: 개나리],나 내일 꽃 보러 간다! ㅎㅎ,0.0
[먹고 싶은 음식: 돼지고기],로라야 나 드디어 고기 먹었어,[좋아하는 꽃: 목련],내일 나들이 가는데 같이 갈래?,0.0
[먹고 싶은 음식: 돼지고기],로라야 나 드디어 고기 먹었어,[좋아하는 가수: 아이유],로라야 노래 추천해 줘,0.0
[먹고 싶은 음식: 돼지고기],로라야 나 드디어 고기 먹었어,[좋아하는 가수: 블랙핑크],로라야 나 노래 추천해 줄 수 있어?,0.0
[먹고 싶은 음식: 돼지고기],로라야 나 드디어 고기 먹었어,[좋아하는 가수: 트와이스],나 노래 듣고 싶어!,0.0
[먹고 싶은 음식: 돼지고기],로라야 나 드디어 고기 먹었어,[좋아하는 가수: 방탄소년단],노래 좀 추천해 줘~,0.0
[먹고 싶은 음식: 돼지고기],로라야 나 드디어 고기 먹었어,[좋아하는 과목: 수학],로라야 미분방정식 어렵지 않아?,0.0
[먹고 싶은 음식: 돼지고기],로라야 나 드디어 고기 먹었어,[좋아하는 과목: 국어],내일 국어 시험인데 떨린다!,0.0
[먹고 싶은 음식: 돼지고기],로라야 나 드디어 고기 먹었어,[좋아하는 과목: 영어],내일 영어 말하기 대회야,0.0
[먹고 싶은 음식: 돼지고기],로라야 나 드디어 고기 먹었어,[내일 일정: 여행],오늘 저녁때 친구 만나기로 했는데,0.0
[먹고 싶은 음식: 돼지고기],로라야 나 드디어 고기 먹었어,[내일 일정: 면접],아 떨린다 오늘 어떻게 잠들지?,0.0
[먹고 싶은 음식: 돼지고기],로라야 나 드디어 고기 먹었어,[내일 일정: 술 약속],모레 아침에 어떻게 출근하지?,0.0
[먹고 싶은 음식: 돼지고기],로라야 나 드디어 고기 먹었어,[내일 일정: 회식],내일 친구랑 약속 취소해야 할까?,0.0
[먹고 싶은 음식: 돼지고기],로라야 나 드디어 고기 먹었어,[내일 일정: 회식],나 술 약한데 어떡하지?,0.0
[먹고 싶은 음식: 돼지고기],로라야 나 드디어 고기 먹었어,[내일 일정: 자격증 시험],오늘 뭐 해야 할까?,0.0
[먹고 싶은 음식: 돼지고기],로라야 나 드디어 고기 먹었어,[내일 일정: 코딩 테스트],아 알고리즘 복습 좀 하고 자야겠다,0.0
[먹고 싶은 음식: 돼지고기],로라야 나 드디어 고기 먹었어,[내일 일정: 추석 연휴],로라야 내일 뭐하지?,0.0
[먹고 싶은 음식: 돼지고기],로라야 나 드디어 고기 먹었어,[오늘 일정: 발표],나 발표 잘 할 수 있을까?,0.0
[먹고 싶은 음식: 돼지고기],로라야 나 드디어 고기 먹었어,[오늘 일정: 발표],로라야 나 떨려,0.0
[먹고 싶은 음식: 돼지고기],로라야 나 드디어 고기 먹었어,[오늘 일정: 발표],나 응원해줘,0.0
[먹고 싶은 음식: 돼지고기],로라야 나 드디어 고기 먹었어,[오늘 일정: 면접],나 잘할 수 있겠지?,0.0
[먹고 싶은 음식: 돼지고기],로라야 나 드디어 고기 먹었어,[오늘 일정: 면접],아 떨린다,0.0
[먹고 싶은 음식: 돼지고기],로라야 나 드디어 고기 먹었어,[오늘 일정: 친구랑 술자리],아 오늘 이따 저녁때 기대된다,0.0
[먹고 싶은 음식: 돼지고기],로라야 나 드디어 고기 먹었어,[오늘 일정: 친구랑 치맥],오늘 뭐 입고 나갈까?,0.0
[먹고 싶은 음식: 돼지고기],로라야 나 드디어 고기 먹었어,[오늘 일정: 생일],로라야 안녕?,0.0
[먹고 있는 음식: 아메리카노],아 이제 살 것 같다,[롤 티어: 브론즈],나 롤 티어 올랐다!,0.0
[먹고 있는 음식: 아메리카노],아 이제 살 것 같다,[오늘 날씨: 비],아 오늘 약속 있는데 어떡하지?,0.0
[먹고 있는 음식: 아메리카노],아 이제 살 것 같다,[오늘 날씨: 비],로라야 이런 날에는 뭐 먹을까,0.0
[먹고 있는 음식: 아메리카노],아 이제 살 것 같다,[오늘 날씨: 구름 조금],오늘 뭐하지,0.0
[먹고 있는 음식: 아메리카노],아 이제 살 것 같다,[오늘 날씨: 구름 조금],오늘 뭐 하면 좋을까,0.0
[먹고 있는 음식: 아메리카노],아 이제 살 것 같다,[오늘 날씨: 맑음],기분 좋은 날이네,0.0
[먹고 있는 음식: 아메리카노],아 이제 살 것 같다,[오늘 날씨: 맑음],로라야 오늘 공원에 사람 많을까?,0.0
[먹고 있는 음식: 아메리카노],아 이제 살 것 같다,[오늘 날씨: 흐림],아 오늘 나가지 말까?,0.0
[먹고 있는 음식: 아메리카노],아 이제 살 것 같다,[오늘 날씨: 눈],오늘 출근길 어떡하지?,0.0
[먹고 있는 음식: 아메리카노],아 이제 살 것 같다,[지금 있는 곳: 집],아 뭐 하지?,0.2
[먹고 있는 음식: 아메리카노],아 이제 살 것 같다,[가고 싶은 곳: 카페],로라야 오 나 드디어 쿠폰 생겼어,0.0
[먹고 있는 음식: 아메리카노],아 이제 살 것 같다,[먹고 싶은 음식: 돼지고기],로라야 나 드디어 고기 먹었어,0.5
[먹고 있는 음식: 아메리카노],아 이제 살 것 같다,[먹고 있는 음식: 아메리카노],아 이제 살 것 같다,1.0
[먹고 있는 음식: 아메리카노],아 이제 살 것 같다,[좋아하는 음식: 삼겹살],맛집 추천해 줘!,0.25
[먹고 있는 음식: 아메리카노],아 이제 살 것 같다,[좋아하는 꽃: 벚꽃],로라야 나 내일 꽃놀이 간다,0.0
[먹고 있는 음식: 아메리카노],아 이제 살 것 같다,[좋아하는 꽃: 개나리],나 내일 꽃 보러 간다! ㅎㅎ,0.0
[먹고 있는 음식: 아메리카노],아 이제 살 것 같다,[좋아하는 꽃: 목련],내일 나들이 가는데 같이 갈래?,0.0
[먹고 있는 음식: 아메리카노],아 이제 살 것 같다,[좋아하는 가수: 아이유],로라야 노래 추천해 줘,0.0
[먹고 있는 음식: 아메리카노],아 이제 살 것 같다,[좋아하는 가수: 블랙핑크],로라야 나 노래 추천해 줄 수 있어?,0.0
[먹고 있는 음식: 아메리카노],아 이제 살 것 같다,[좋아하는 가수: 트와이스],나 노래 듣고 싶어!,0.0
[먹고 있는 음식: 아메리카노],아 이제 살 것 같다,[좋아하는 가수: 방탄소년단],노래 좀 추천해 줘~,0.0
[먹고 있는 음식: 아메리카노],아 이제 살 것 같다,[좋아하는 과목: 수학],로라야 미분방정식 어렵지 않아?,0.0
[먹고 있는 음식: 아메리카노],아 이제 살 것 같다,[좋아하는 과목: 국어],내일 국어 시험인데 떨린다!,0.0
[먹고 있는 음식: 아메리카노],아 이제 살 것 같다,[좋아하는 과목: 영어],내일 영어 말하기 대회야,0.0
[먹고 있는 음식: 아메리카노],아 이제 살 것 같다,[내일 일정: 여행],오늘 저녁때 친구 만나기로 했는데,0.0
[먹고 있는 음식: 아메리카노],아 이제 살 것 같다,[내일 일정: 면접],아 떨린다 오늘 어떻게 잠들지?,0.0
[먹고 있는 음식: 아메리카노],아 이제 살 것 같다,[내일 일정: 술 약속],모레 아침에 어떻게 출근하지?,0.0
[먹고 있는 음식: 아메리카노],아 이제 살 것 같다,[내일 일정: 회식],내일 친구랑 약속 취소해야 할까?,0.0
[먹고 있는 음식: 아메리카노],아 이제 살 것 같다,[내일 일정: 회식],나 술 약한데 어떡하지?,0.0
[먹고 있는 음식: 아메리카노],아 이제 살 것 같다,[내일 일정: 자격증 시험],오늘 뭐 해야 할까?,0.0
[먹고 있는 음식: 아메리카노],아 이제 살 것 같다,[내일 일정: 코딩 테스트],아 알고리즘 복습 좀 하고 자야겠다,0.0
[먹고 있는 음식: 아메리카노],아 이제 살 것 같다,[내일 일정: 추석 연휴],로라야 내일 뭐하지?,0.0
[먹고 있는 음식: 아메리카노],아 이제 살 것 같다,[오늘 일정: 발표],나 발표 잘 할 수 있을까?,0.0
[먹고 있는 음식: 아메리카노],아 이제 살 것 같다,[오늘 일정: 발표],로라야 나 떨려,0.0
[먹고 있는 음식: 아메리카노],아 이제 살 것 같다,[오늘 일정: 발표],나 응원해줘,0.0
[먹고 있는 음식: 아메리카노],아 이제 살 것 같다,[오늘 일정: 면접],나 잘할 수 있겠지?,0.0
[먹고 있는 음식: 아메리카노],아 이제 살 것 같다,[오늘 일정: 면접],아 떨린다,0.0
[먹고 있는 음식: 아메리카노],아 이제 살 것 같다,[오늘 일정: 친구랑 술자리],아 오늘 이따 저녁때 기대된다,0.0
[먹고 있는 음식: 아메리카노],아 이제 살 것 같다,[오늘 일정: 친구랑 치맥],오늘 뭐 입고 나갈까?,0.0
[먹고 있는 음식: 아메리카노],아 이제 살 것 같다,[오늘 일정: 생일],로라야 안녕?,0.0
[좋아하는 음식: 삼겹살],맛집 추천해 줘!,[롤 티어: 브론즈],나 롤 티어 올랐다!,0.0
[좋아하는 음식: 삼겹살],맛집 추천해 줘!,[오늘 날씨: 비],아 오늘 약속 있는데 어떡하지?,0.0
[좋아하는 음식: 삼겹살],맛집 추천해 줘!,[오늘 날씨: 비],로라야 이런 날에는 뭐 먹을까,0.0
[좋아하는 음식: 삼겹살],맛집 추천해 줘!,[오늘 날씨: 구름 조금],오늘 뭐하지,0.0
[좋아하는 음식: 삼겹살],맛집 추천해 줘!,[오늘 날씨: 구름 조금],오늘 뭐 하면 좋을까,0.0
[좋아하는 음식: 삼겹살],맛집 추천해 줘!,[오늘 날씨: 맑음],기분 좋은 날이네,0.0
[좋아하는 음식: 삼겹살],맛집 추천해 줘!,[오늘 날씨: 맑음],로라야 오늘 공원에 사람 많을까?,0.0
[좋아하는 음식: 삼겹살],맛집 추천해 줘!,[오늘 날씨: 흐림],아 오늘 나가지 말까?,0.0
[좋아하는 음식: 삼겹살],맛집 추천해 줘!,[오늘 날씨: 눈],오늘 출근길 어떡하지?,0.0
[좋아하는 음식: 삼겹살],맛집 추천해 줘!,[지금 있는 곳: 집],아 뭐 하지?,0.0
[좋아하는 음식: 삼겹살],맛집 추천해 줘!,[가고 싶은 곳: 카페],로라야 오 나 드디어 쿠폰 생겼어,0.0
[좋아하는 음식: 삼겹살],맛집 추천해 줘!,[먹고 싶은 음식: 돼지고기],로라야 나 드디어 고기 먹었어,0.25
[좋아하는 음식: 삼겹살],맛집 추천해 줘!,[먹고 있는 음식: 아메리카노],아 이제 살 것 같다,0.25
[좋아하는 음식: 삼겹살],맛집 추천해 줘!,[좋아하는 음식: 삼겹살],맛집 추천해 줘!,1.0
[좋아하는 음식: 삼겹살],맛집 추천해 줘!,[좋아하는 꽃: 벚꽃],로라야 나 내일 꽃놀이 간다,0.3333
[좋아하는 음식: 삼겹살],맛집 추천해 줘!,[좋아하는 꽃: 개나리],나 내일 꽃 보러 간다! ㅎㅎ,0.3333
[좋아하는 음식: 삼겹살],맛집 추천해 줘!,[좋아하는 꽃: 목련],내일 나들이 가는데 같이 갈래?,0.3333
[좋아하는 음식: 삼겹살],맛집 추천해 줘!,[좋아하는 가수: 아이유],로라야 노래 추천해 줘,0.3333
[좋아하는 음식: 삼겹살],맛집 추천해 줘!,[좋아하는 가수: 블랙핑크],로라야 나 노래 추천해 줄 수 있어?,0.3333
[좋아하는 음식: 삼겹살],맛집 추천해 줘!,[좋아하는 가수: 트와이스],나 노래 듣고 싶어!,0.3333
[좋아하는 음식: 삼겹살],맛집 추천해 줘!,[좋아하는 가수: 방탄소년단],노래 좀 추천해 줘~,0.3333
[좋아하는 음식: 삼겹살],맛집 추천해 줘!,[좋아하는 과목: 수학],로라야 미분방정식 어렵지 않아?,0.3333
[좋아하는 음식: 삼겹살],맛집 추천해 줘!,[좋아하는 과목: 국어],내일 국어 시험인데 떨린다!,0.3333
[좋아하는 음식: 삼겹살],맛집 추천해 줘!,[좋아하는 과목: 영어],내일 영어 말하기 대회야,0.3333
[좋아하는 음식: 삼겹살],맛집 추천해 줘!,[내일 일정: 여행],오늘 저녁때 친구 만나기로 했는데,0.0
[좋아하는 음식: 삼겹살],맛집 추천해 줘!,[내일 일정: 면접],아 떨린다 오늘 어떻게 잠들지?,0.0
[좋아하는 음식: 삼겹살],맛집 추천해 줘!,[내일 일정: 술 약속],모레 아침에 어떻게 출근하지?,0.0
[좋아하는 음식: 삼겹살],맛집 추천해 줘!,[내일 일정: 회식],내일 친구랑 약속 취소해야 할까?,0.0
[좋아하는 음식: 삼겹살],맛집 추천해 줘!,[내일 일정: 회식],나 술 약한데 어떡하지?,0.0
[좋아하는 음식: 삼겹살],맛집 추천해 줘!,[내일 일정: 자격증 시험],오늘 뭐 해야 할까?,0.0
[좋아하는 음식: 삼겹살],맛집 추천해 줘!,[내일 일정: 코딩 테스트],아 알고리즘 복습 좀 하고 자야겠다,0.0
[좋아하는 음식: 삼겹살],맛집 추천해 줘!,[내일 일정: 추석 연휴],로라야 내일 뭐하지?,0.0
[좋아하는 음식: 삼겹살],맛집 추천해 줘!,[오늘 일정: 발표],나 발표 잘 할 수 있을까?,0.0
[좋아하는 음식: 삼겹살],맛집 추천해 줘!,[오늘 일정: 발표],로라야 나 떨려,0.0
[좋아하는 음식: 삼겹살],맛집 추천해 줘!,[오늘 일정: 발표],나 응원해줘,0.0
[좋아하는 음식: 삼겹살],맛집 추천해 줘!,[오늘 일정: 면접],나 잘할 수 있겠지?,0.0
[좋아하는 음식: 삼겹살],맛집 추천해 줘!,[오늘 일정: 면접],아 떨린다,0.0
[좋아하는 음식: 삼겹살],맛집 추천해 줘!,[오늘 일정: 친구랑 술자리],아 오늘 이따 저녁때 기대된다,0.0
[좋아하는 음식: 삼겹살],맛집 추천해 줘!,[오늘 일정: 친구랑 치맥],오늘 뭐 입고 나갈까?,0.0
[좋아하는 음식: 삼겹살],맛집 추천해 줘!,[오늘 일정: 생일],로라야 안녕?,0.0
[좋아하는 꽃: 벚꽃],로라야 나 내일 꽃놀이 간다,[롤 티어: 브론즈],나 롤 티어 올랐다!,0.0
[좋아하는 꽃: 벚꽃],로라야 나 내일 꽃놀이 간다,[오늘 날씨: 비],아 오늘 약속 있는데 어떡하지?,0.0
[좋아하는 꽃: 벚꽃],로라야 나 내일 꽃놀이 간다,[오늘 날씨: 비],로라야 이런 날에는 뭐 먹을까,0.0
[좋아하는 꽃: 벚꽃],로라야 나 내일 꽃놀이 간다,[오늘 날씨: 구름 조금],오늘 뭐하지,0.0
[좋아하는 꽃: 벚꽃],로라야 나 내일 꽃놀이 간다,[오늘 날씨: 구름 조금],오늘 뭐 하면 좋을까,0.0
[좋아하는 꽃: 벚꽃],로라야 나 내일 꽃놀이 간다,[오늘 날씨: 맑음],기분 좋은 날이네,0.0
[좋아하는 꽃: 벚꽃],로라야 나 내일 꽃놀이 간다,[오늘 날씨: 맑음],로라야 오늘 공원에 사람 많을까?,0.0
[좋아하는 꽃: 벚꽃],로라야 나 내일 꽃놀이 간다,[오늘 날씨: 흐림],아 오늘 나가지 말까?,0.0
[좋아하는 꽃: 벚꽃],로라야 나 내일 꽃놀이 간다,[오늘 날씨: 눈],오늘 출근길 어떡하지?,0.0
[좋아하는 꽃: 벚꽃],로라야 나 내일 꽃놀이 간다,[지금 있는 곳: 집],아 뭐 하지?,0.0
[좋아하는 꽃: 벚꽃],로라야 나 내일 꽃놀이 간다,[가고 싶은 곳: 카페],로라야 오 나 드디어 쿠폰 생겼어,0.0
[좋아하는 꽃: 벚꽃],로라야 나 내일 꽃놀이 간다,[먹고 싶은 음식: 돼지고기],로라야 나 드디어 고기 먹었어,0.0
[좋아하는 꽃: 벚꽃],로라야 나 내일 꽃놀이 간다,[먹고 있는 음식: 아메리카노],아 이제 살 것 같다,0.0
[좋아하는 꽃: 벚꽃],로라야 나 내일 꽃놀이 간다,[좋아하는 음식: 삼겹살],맛집 추천해 줘!,0.3333
[좋아하는 꽃: 벚꽃],로라야 나 내일 꽃놀이 간다,[좋아하는 꽃: 벚꽃],로라야 나 내일 꽃놀이 간다,1.0
[좋아하는 꽃: 벚꽃],로라야 나 내일 꽃놀이 간다,[좋아하는 꽃: 개나리],나 내일 꽃 보러 간다! ㅎㅎ,1.0
[좋아하는 꽃: 벚꽃],로라야 나 내일 꽃놀이 간다,[좋아하는 꽃: 목련],내일 나들이 가는데 같이 갈래?,1.0
[좋아하는 꽃: 벚꽃],로라야 나 내일 꽃놀이 간다,[좋아하는 가수: 아이유],로라야 노래 추천해 줘,0.3333
[좋아하는 꽃: 벚꽃],로라야 나 내일 꽃놀이 간다,[좋아하는 가수: 블랙핑크],로라야 나 노래 추천해 줄 수 있어?,0.3333
[좋아하는 꽃: 벚꽃],로라야 나 내일 꽃놀이 간다,[좋아하는 가수: 트와이스],나 노래 듣고 싶어!,0.3333
[좋아하는 꽃: 벚꽃],로라야 나 내일 꽃놀이 간다,[좋아하는 가수: 방탄소년단],노래 좀 추천해 줘~,0.3333
[좋아하는 꽃: 벚꽃],로라야 나 내일 꽃놀이 간다,[좋아하는 과목: 수학],로라야 미분방정식 어렵지 않아?,0.3333
[좋아하는 꽃: 벚꽃],로라야 나 내일 꽃놀이 간다,[좋아하는 과목: 국어],내일 국어 시험인데 떨린다!,0.3333
[좋아하는 꽃: 벚꽃],로라야 나 내일 꽃놀이 간다,[좋아하는 과목: 영어],내일 영어 말하기 대회야,0.3333
[좋아하는 꽃: 벚꽃],로라야 나 내일 꽃놀이 간다,[내일 일정: 여행],오늘 저녁때 친구 만나기로 했는데,0.0
[좋아하는 꽃: 벚꽃],로라야 나 내일 꽃놀이 간다,[내일 일정: 면접],아 떨린다 오늘 어떻게 잠들지?,0.0
[좋아하는 꽃: 벚꽃],로라야 나 내일 꽃놀이 간다,[내일 일정: 술 약속],모레 아침에 어떻게 출근하지?,0.0
[좋아하는 꽃: 벚꽃],로라야 나 내일 꽃놀이 간다,[내일 일정: 회식],내일 친구랑 약속 취소해야 할까?,0.0
[좋아하는 꽃: 벚꽃],로라야 나 내일 꽃놀이 간다,[내일 일정: 회식],나 술 약한데 어떡하지?,0.0
[좋아하는 꽃: 벚꽃],로라야 나 내일 꽃놀이 간다,[내일 일정: 자격증 시험],오늘 뭐 해야 할까?,0.0
[좋아하는 꽃: 벚꽃],로라야 나 내일 꽃놀이 간다,[내일 일정: 코딩 테스트],아 알고리즘 복습 좀 하고 자야겠다,0.0
[좋아하는 꽃: 벚꽃],로라야 나 내일 꽃놀이 간다,[내일 일정: 추석 연휴],로라야 내일 뭐하지?,0.0
[좋아하는 꽃: 벚꽃],로라야 나 내일 꽃놀이 간다,[오늘 일정: 발표],나 발표 잘 할 수 있을까?,0.0
[좋아하는 꽃: 벚꽃],로라야 나 내일 꽃놀이 간다,[오늘 일정: 발표],로라야 나 떨려,0.0
[좋아하는 꽃: 벚꽃],로라야 나 내일 꽃놀이 간다,[오늘 일정: 발표],나 응원해줘,0.0
[좋아하는 꽃: 벚꽃],로라야 나 내일 꽃놀이 간다,[오늘 일정: 면접],나 잘할 수 있겠지?,0.0
[좋아하는 꽃: 벚꽃],로라야 나 내일 꽃놀이 간다,[오늘 일정: 면접],아 떨린다,0.0
[좋아하는 꽃: 벚꽃],로라야 나 내일 꽃놀이 간다,[오늘 일정: 친구랑 술자리],아 오늘 이따 저녁때 기대된다,0.0
[좋아하는 꽃: 벚꽃],로라야 나 내일 꽃놀이 간다,[오늘 일정: 친구랑 치맥],오늘 뭐 입고 나갈까?,0.0
[좋아하는 꽃: 벚꽃],로라야 나 내일 꽃놀이 간다,[오늘 일정: 생일],로라야 안녕?,0.0
[좋아하는 꽃: 개나리],나 내일 꽃 보러 간다! ㅎㅎ,[롤 티어: 브론즈],나 롤 티어 올랐다!,0.0
[좋아하는 꽃: 개나리],나 내일 꽃 보러 간다! ㅎㅎ,[오늘 날씨: 비],아 오늘 약속 있는데 어떡하지?,0.0
[좋아하는 꽃: 개나리],나 내일 꽃 보러 간다! ㅎㅎ,[오늘 날씨: 비],로라야 이런 날에는 뭐 먹을까,0.0
[좋아하는 꽃: 개나리],나 내일 꽃 보러 간다! ㅎㅎ,[오늘 날씨: 구름 조금],오늘 뭐하지,0.0
[좋아하는 꽃: 개나리],나 내일 꽃 보러 간다! ㅎㅎ,[오늘 날씨: 구름 조금],오늘 뭐 하면 좋을까,0.0
[좋아하는 꽃: 개나리],나 내일 꽃 보러 간다! ㅎㅎ,[오늘 날씨: 맑음],기분 좋은 날이네,0.0
[좋아하는 꽃: 개나리],나 내일 꽃 보러 간다! ㅎㅎ,[오늘 날씨: 맑음],로라야 오늘 공원에 사람 많을까?,0.0
[좋아하는 꽃: 개나리],나 내일 꽃 보러 간다! ㅎㅎ,[오늘 날씨: 흐림],아 오늘 나가지 말까?,0.0
[좋아하는 꽃: 개나리],나 내일 꽃 보러 간다! ㅎㅎ,[오늘 날씨: 눈],오늘 출근길 어떡하지?,0.0
[좋아하는 꽃: 개나리],나 내일 꽃 보러 간다! ㅎㅎ,[지금 있는 곳: 집],아 뭐 하지?,0.0
[좋아하는 꽃: 개나리],나 내일 꽃 보러 간다! ㅎㅎ,[가고 싶은 곳: 카페],로라야 오 나 드디어 쿠폰 생겼어,0.0
[좋아하는 꽃: 개나리],나 내일 꽃 보러 간다! ㅎㅎ,[먹고 싶은 음식: 돼지고기],로라야 나 드디어 고기 먹었어,0.0
[좋아하는 꽃: 개나리],나 내일 꽃 보러 간다! ㅎㅎ,[먹고 있는 음식: 아메리카노],아 이제 살 것 같다,0.0
[좋아하는 꽃: 개나리],나 내일 꽃 보러 간다! ㅎㅎ,[좋아하는 음식: 삼겹살],맛집 추천해 줘!,0.3333
[좋아하는 꽃: 개나리],나 내일 꽃 보러 간다! ㅎㅎ,[좋아하는 꽃: 벚꽃],로라야 나 내일 꽃놀이 간다,1.0
[좋아하는 꽃: 개나리],나 내일 꽃 보러 간다! ㅎㅎ,[좋아하는 꽃: 개나리],나 내일 꽃 보러 간다! ㅎㅎ,1.0
[좋아하는 꽃: 개나리],나 내일 꽃 보러 간다! ㅎㅎ,[좋아하는 꽃: 목련],내일 나들이 가는데 같이 갈래?,1.0
[좋아하는 꽃: 개나리],나 내일 꽃 보러 간다! ㅎㅎ,[좋아하는 가수: 아이유],로라야 노래 추천해 줘,0.3333
[좋아하는 꽃: 개나리],나 내일 꽃 보러 간다! ㅎㅎ,[좋아하는 가수: 블랙핑크],로라야 나 노래 추천해 줄 수 있어?,0.3333
[좋아하는 꽃: 개나리],나 내일 꽃 보러 간다! ㅎㅎ,[좋아하는 가수: 트와이스],나 노래 듣고 싶어!,0.3333
[좋아하는 꽃: 개나리],나 내일 꽃 보러 간다! ㅎㅎ,[좋아하는 가수: 방탄소년단],노래 좀 추천해 줘~,0.3333
[좋아하는 꽃: 개나리],나 내일 꽃 보러 간다! ㅎㅎ,[좋아하는 과목: 수학],로라야 미분방정식 어렵지 않아?,0.3333
[좋아하는 꽃: 개나리],나 내일 꽃 보러 간다! ㅎㅎ,[좋아하는 과목: 국어],내일 국어 시험인데 떨린다!,0.3333
[좋아하는 꽃: 개나리],나 내일 꽃 보러 간다! ㅎㅎ,[좋아하는 과목: 영어],내일 영어 말하기 대회야,0.3333
[좋아하는 꽃: 개나리],나 내일 꽃 보러 간다! ㅎㅎ,[내일 일정: 여행],오늘 저녁때 친구 만나기로 했는데,0.0
[좋아하는 꽃: 개나리],나 내일 꽃 보러 간다! ㅎㅎ,[내일 일정: 면접],아 떨린다 오늘 어떻게 잠들지?,0.0
[좋아하는 꽃: 개나리],나 내일 꽃 보러 간다! ㅎㅎ,[내일 일정: 술 약속],모레 아침에 어떻게 출근하지?,0.0
[좋아하는 꽃: 개나리],나 내일 꽃 보러 간다! ㅎㅎ,[내일 일정: 회식],내일 친구랑 약속 취소해야 할까?,0.0
[좋아하는 꽃: 개나리],나 내일 꽃 보러 간다! ㅎㅎ,[내일 일정: 회식],나 술 약한데 어떡하지?,0.0
[좋아하는 꽃: 개나리],나 내일 꽃 보러 간다! ㅎㅎ,[내일 일정: 자격증 시험],오늘 뭐 해야 할까?,0.0
[좋아하는 꽃: 개나리],나 내일 꽃 보러 간다! ㅎㅎ,[내일 일정: 코딩 테스트],아 알고리즘 복습 좀 하고 자야겠다,0.0
[좋아하는 꽃: 개나리],나 내일 꽃 보러 간다! ㅎㅎ,[내일 일정: 추석 연휴],로라야 내일 뭐하지?,0.0
[좋아하는 꽃: 개나리],나 내일 꽃 보러 간다! ㅎㅎ,[오늘 일정: 발표],나 발표 잘 할 수 있을까?,0.0
[좋아하는 꽃: 개나리],나 내일 꽃 보러 간다! ㅎㅎ,[오늘 일정: 발표],로라야 나 떨려,0.0
[좋아하는 꽃: 개나리],나 내일 꽃 보러 간다! ㅎㅎ,[오늘 일정: 발표],나 응원해줘,0.0
[좋아하는 꽃: 개나리],나 내일 꽃 보러 간다! ㅎㅎ,[오늘 일정: 면접],나 잘할 수 있겠지?,0.0
[좋아하는 꽃: 개나리],나 내일 꽃 보러 간다! ㅎㅎ,[오늘 일정: 면접],아 떨린다,0.0
[좋아하는 꽃: 개나리],나 내일 꽃 보러 간다! ㅎㅎ,[오늘 일정: 친구랑 술자리],아 오늘 이따 저녁때 기대된다,0.0
[좋아하는 꽃: 개나리],나 내일 꽃 보러 간다! ㅎㅎ,[오늘 일정: 친구랑 치맥],오늘 뭐 입고 나갈까?,0.0
[좋아하는 꽃: 개나리],나 내일 꽃 보러 간다! ㅎㅎ,[오늘 일정: 생일],로라야 안녕?,0.0
[좋아하는 꽃: 목련],내일 나들이 가는데 같이 갈래?,[롤 티어: 브론즈],나 롤 티어 올랐다!,0.0
[좋아하는 꽃: 목련],내일 나들이 가는데 같이 갈래?,[오늘 날씨: 비],아 오늘 약속 있는데 어떡하지?,0.0
[좋아하는 꽃: 목련],내일 나들이 가는데 같이 갈래?,[오늘 날씨: 비],로라야 이런 날에는 뭐 먹을까,0.0
[좋아하는 꽃: 목련],내일 나들이 가는데 같이 갈래?,[오늘 날씨: 구름 조금],오늘 뭐하지,0.0
[좋아하는 꽃: 목련],내일 나들이 가는데 같이 갈래?,[오늘 날씨: 구름 조금],오늘 뭐 하면 좋을까,0.0
[좋아하는 꽃: 목련],내일 나들이 가는데 같이 갈래?,[오늘 날씨: 맑음],기분 좋은 날이네,0.0
[좋아하는 꽃: 목련],내일 나들이 가는데 같이 갈래?,[오늘 날씨: 맑음],로라야 오늘 공원에 사람 많을까?,0.0
[좋아하는 꽃: 목련],내일 나들이 가는데 같이 갈래?,[오늘 날씨: 흐림],아 오늘 나가지 말까?,0.0
[좋아하는 꽃: 목련],내일 나들이 가는데 같이 갈래?,[오늘 날씨: 눈],오늘 출근길 어떡하지?,0.0
[좋아하는 꽃: 목련],내일 나들이 가는데 같이 갈래?,[지금 있는 곳: 집],아 뭐 하지?,0.0
[좋아하는 꽃: 목련],내일 나들이 가는데 같이 갈래?,[가고 싶은 곳: 카페],로라야 오 나 드디어 쿠폰 생겼어,0.0
[좋아하는 꽃: 목련],내일 나들이 가는데 같이 갈래?,[먹고 싶은 음식: 돼지고기],로라야 나 드디어 고기 먹었어,0.0
[좋아하는 꽃: 목련],내일 나들이 가는데 같이 갈래?,[먹고 있는 음식: 아메리카노],아 이제 살 것 같다,0.0
[좋아하는 꽃: 목련],내일 나들이 가는데 같이 갈래?,[좋아하는 음식: 삼겹살],맛집 추천해 줘!,0.3333
[좋아하는 꽃: 목련],내일 나들이 가는데 같이 갈래?,[좋아하는 꽃: 벚꽃],로라야 나 내일 꽃놀이 간다,1.0
[좋아하는 꽃: 목련],내일 나들이 가는데 같이 갈래?,[좋아하는 꽃: 개나리],나 내일 꽃 보러 간다! ㅎㅎ,1.0
[좋아하는 꽃: 목련],내일 나들이 가는데 같이 갈래?,[좋아하는 꽃: 목련],내일 나들이 가는데 같이 갈래?,1.0
[좋아하는 꽃: 목련],내일 나들이 가는데 같이 갈래?,[좋아하는 가수: 아이유],로라야 노래 추천해 줘,0.3333
[좋아하는 꽃: 목련],내일 나들이 가는데 같이 갈래?,[좋아하는 가수: 블랙핑크],로라야 나 노래 추천해 줄 수 있어?,0.3333
[좋아하는 꽃: 목련],내일 나들이 가는데 같이 갈래?,[좋아하는 가수: 트와이스],나 노래 듣고 싶어!,0.3333
[좋아하는 꽃: 목련],내일 나들이 가는데 같이 갈래?,[좋아하는 가수: 방탄소년단],노래 좀 추천해 줘~,0.3333
[좋아하는 꽃: 목련],내일 나들이 가는데 같이 갈래?,[좋아하는 과목: 수학],로라야 미분방정식 어렵지 않아?,0.3333
[좋아하는 꽃: 목련],내일 나들이 가는데 같이 갈래?,[좋아하는 과목: 국어],내일 국어 시험인데 떨린다!,0.3333
[좋아하는 꽃: 목련],내일 나들이 가는데 같이 갈래?,[좋아하는 과목: 영어],내일 영어 말하기 대회야,0.3333
[좋아하는 꽃: 목련],내일 나들이 가는데 같이 갈래?,[내일 일정: 여행],오늘 저녁때 친구 만나기로 했는데,0.0
[좋아하는 꽃: 목련],내일 나들이 가는데 같이 갈래?,[내일 일정: 면접],아 떨린다 오늘 어떻게 잠들지?,0.0
[좋아하는 꽃: 목련],내일 나들이 가는데 같이 갈래?,[내일 일정: 술 약속],모레 아침에 어떻게 출근하지?,0.0
[좋아하는 꽃: 목련],내일 나들이 가는데 같이 갈래?,[내일 일정: 회식],내일 친구랑 약속 취소해야 할까?,0.0
[좋아하는 꽃: 목련],내일 나들이 가는데 같이 갈래?,[내일 일정: 회식],나 술 약한데 어떡하지?,0.0
[좋아하는 꽃: 목련],내일 나들이 가는데 같이 갈래?,[내일 일정: 자격증 시험],오늘 뭐 해야 할까?,0.0
[좋아하는 꽃: 목련],내일 나들이 가는데 같이 갈래?,[내일 일정: 코딩 테스트],아 알고리즘 복습 좀 하고 자야겠다,0.0
[좋아하는 꽃: 목련],내일 나들이 가는데 같이 갈래?,[내일 일정: 추석 연휴],로라야 내일 뭐하지?,0.0
[좋아하는 꽃: 목련],내일 나들이 가는데 같이 갈래?,[오늘 일정: 발표],나 발표 잘 할 수 있을까?,0.0
[좋아하는 꽃: 목련],내일 나들이 가는데 같이 갈래?,[오늘 일정: 발표],로라야 나 떨려,0.0
[좋아하는 꽃: 목련],내일 나들이 가는데 같이 갈래?,[오늘 일정: 발표],나 응원해줘,0.0
[좋아하는 꽃: 목련],내일 나들이 가는데 같이 갈래?,[오늘 일정: 면접],나 잘할 수 있겠지?,0.0
[좋아하는 꽃: 목련],내일 나들이 가는데 같이 갈래?,[오늘 일정: 면접],아 떨린다,0.0
[좋아하는 꽃: 목련],내일 나들이 가는데 같이 갈래?,[오늘 일정: 친구랑 술자리],아 오늘 이따 저녁때 기대된다,0.0
[좋아하는 꽃: 목련],내일 나들이 가는데 같이 갈래?,[오늘 일정: 친구랑 치맥],오늘 뭐 입고 나갈까?,0.0
[좋아하는 꽃: 목련],내일 나들이 가는데 같이 갈래?,[오늘 일정: 생일],로라야 안녕?,0.0
[좋아하는 가수: 아이유],로라야 노래 추천해 줘,[롤 티어: 브론즈],나 롤 티어 올랐다!,0.0
[좋아하는 가수: 아이유],로라야 노래 추천해 줘,[오늘 날씨: 비],아 오늘 약속 있는데 어떡하지?,0.0
[좋아하는 가수: 아이유],로라야 노래 추천해 줘,[오늘 날씨: 비],로라야 이런 날에는 뭐 먹을까,0.0
[좋아하는 가수: 아이유],로라야 노래 추천해 줘,[오늘 날씨: 구름 조금],오늘 뭐하지,0.0
[좋아하는 가수: 아이유],로라야 노래 추천해 줘,[오늘 날씨: 구름 조금],오늘 뭐 하면 좋을까,0.0
[좋아하는 가수: 아이유],로라야 노래 추천해 줘,[오늘 날씨: 맑음],기분 좋은 날이네,0.0
[좋아하는 가수: 아이유],로라야 노래 추천해 줘,[오늘 날씨: 맑음],로라야 오늘 공원에 사람 많을까?,0.0
[좋아하는 가수: 아이유],로라야 노래 추천해 줘,[오늘 날씨: 흐림],아 오늘 나가지 말까?,0.0
[좋아하는 가수: 아이유],로라야 노래 추천해 줘,[오늘 날씨: 눈],오늘 출근길 어떡하지?,0.0
[좋아하는 가수: 아이유],로라야 노래 추천해 줘,[지금 있는 곳: 집],아 뭐 하지?,0.0
[좋아하는 가수: 아이유],로라야 노래 추천해 줘,[가고 싶은 곳: 카페],로라야 오 나 드디어 쿠폰 생겼어,0.0
[좋아하는 가수: 아이유],로라야 노래 추천해 줘,[먹고 싶은 음식: 돼지고기],로라야 나 드디어 고기 먹었어,0.0
[좋아하는 가수: 아이유],로라야 노래 추천해 줘,[먹고 있는 음식: 아메리카노],아 이제 살 것 같다,0.0
[좋아하는 가수: 아이유],로라야 노래 추천해 줘,[좋아하는 음식: 삼겹살],맛집 추천해 줘!,0.3333
[좋아하는 가수: 아이유],로라야 노래 추천해 줘,[좋아하는 꽃: 벚꽃],로라야 나 내일 꽃놀이 간다,0.3333
[좋아하는 가수: 아이유],로라야 노래 추천해 줘,[좋아하는 꽃: 개나리],나 내일 꽃 보러 간다! ㅎㅎ,0.3333
[좋아하는 가수: 아이유],로라야 노래 추천해 줘,[좋아하는 꽃: 목련],내일 나들이 가는데 같이 갈래?,0.3333
[좋아하는 가수: 아이유],로라야 노래 추천해 줘,[좋아하는 가수: 아이유],로라야 노래 추천해 줘,1.0
[좋아하는 가수: 아이유],로라야 노래 추천해 줘,[좋아하는 가수: 블랙핑크],로라야 나 노래 추천해 줄 수 있어?,1.0
[좋아하는 가수: 아이유],로라야 노래 추천해 줘,[좋아하는 가수: 트와이스],나 노래 듣고 싶어!,1.0
[좋아하는 가수: 아이유],로라야 노래 추천해 줘,[좋아하는 가수: 방탄소년단],노래 좀 추천해 줘~,1.0
[좋아하는 가수: 아이유],로라야 노래 추천해 줘,[좋아하는 과목: 수학],로라야 미분방정식 어렵지 않아?,0.3333
[좋아하는 가수: 아이유],로라야 노래 추천해 줘,[좋아하는 과목: 국어],내일 국어 시험인데 떨린다!,0.3333
[좋아하는 가수: 아이유],로라야 노래 추천해 줘,[좋아하는 과목: 영어],내일 영어 말하기 대회야,0.3333
[좋아하는 가수: 아이유],로라야 노래 추천해 줘,[내일 일정: 여행],오늘 저녁때 친구 만나기로 했는데,0.0
[좋아하는 가수: 아이유],로라야 노래 추천해 줘,[내일 일정: 면접],아 떨린다 오늘 어떻게 잠들지?,0.0
[좋아하는 가수: 아이유],로라야 노래 추천해 줘,[내일 일정: 술 약속],모레 아침에 어떻게 출근하지?,0.0
[좋아하는 가수: 아이유],로라야 노래 추천해 줘,[내일 일정: 회식],내일 친구랑 약속 취소해야 할까?,0.0
[좋아하는 가수: 아이유],로라야 노래 추천해 줘,[내일 일정: 회식],나 술 약한데 어떡하지?,0.0
[좋아하는 가수: 아이유],로라야 노래 추천해 줘,[내일 일정: 자격증 시험],오늘 뭐 해야 할까?,0.0
[좋아하는 가수: 아이유],로라야 노래 추천해 줘,[내일 일정: 코딩 테스트],아 알고리즘 복습 좀 하고 자야겠다,0.0
[좋아하는 가수: 아이유],로라야 노래 추천해 줘,[내일 일정: 추석 연휴],로라야 내일 뭐하지?,0.0
[좋아하는 가수: 아이유],로라야 노래 추천해 줘,[오늘 일정: 발표],나 발표 잘 할 수 있을까?,0.0
[좋아하는 가수: 아이유],로라야 노래 추천해 줘,[오늘 일정: 발표],로라야 나 떨려,0.0
[좋아하는 가수: 아이유],로라야 노래 추천해 줘,[오늘 일정: 발표],나 응원해줘,0.0
[좋아하는 가수: 아이유],로라야 노래 추천해 줘,[오늘 일정: 면접],나 잘할 수 있겠지?,0.0
[좋아하는 가수: 아이유],로라야 노래 추천해 줘,[오늘 일정: 면접],아 떨린다,0.0
[좋아하는 가수: 아이유],로라야 노래 추천해 줘,[오늘 일정: 친구랑 술자리],아 오늘 이따 저녁때 기대된다,0.0
[좋아하는 가수: 아이유],로라야 노래 추천해 줘,[오늘 일정: 친구랑 치맥],오늘 뭐 입고 나갈까?,0.0
[좋아하는 가수: 아이유],로라야 노래 추천해 줘,[오늘 일정: 생일],로라야 안녕?,0.0
[좋아하는 가수: 블랙핑크],로라야 나 노래 추천해 줄 수 있어?,[롤 티어: 브론즈],나 롤 티어 올랐다!,0.0
[좋아하는 가수: 블랙핑크],로라야 나 노래 추천해 줄 수 있어?,[오늘 날씨: 비],아 오늘 약속 있는데 어떡하지?,0.0
[좋아하는 가수: 블랙핑크],로라야 나 노래 추천해 줄 수 있어?,[오늘 날씨: 비],로라야 이런 날에는 뭐 먹을까,0.0
[좋아하는 가수: 블랙핑크],로라야 나 노래 추천해 줄 수 있어?,[오늘 날씨: 구름 조금],오늘 뭐하지,0.0
[좋아하는 가수: 블랙핑크],로라야 나 노래 추천해 줄 수 있어?,[오늘 날씨: 구름 조금],오늘 뭐 하면 좋을까,0.0
[좋아하는 가수: 블랙핑크],로라야 나 노래 추천해 줄 수 있어?,[오늘 날씨: 맑음],기분 좋은 날이네,0.0
[좋아하는 가수: 블랙핑크],로라야 나 노래 추천해 줄 수 있어?,[오늘 날씨: 맑음],로라야 오늘 공원에 사람 많을까?,0.0
[좋아하는 가수: 블랙핑크],로라야 나 노래 추천해 줄 수 있어?,[오늘 날씨: 흐림],아 오늘 나가지 말까?,0.0
[좋아하는 가수: 블랙핑크],로라야 나 노래 추천해 줄 수 있어?,[오늘 날씨: 눈],오늘 출근길 어떡하지?,0.0
[좋아하는 가수: 블랙핑크],로라야 나 노래 추천해 줄 수 있어?,[지금 있는 곳: 집],아 뭐 하지?,0.0
[좋아하는 가수: 블랙핑크],로라야 나 노래 추천해 줄 수 있어?,[가고 싶은 곳: 카페],로라야 오 나 드디어 쿠폰 생겼어,0.0
[좋아하는 가수: 블랙핑크],로라야 나 노래 추천해 줄 수 있어?,[먹고 싶은 음식: 돼지고기],로라야 나 드디어 고기 먹었어,0.0
[좋아하는 가수: 블랙핑크],로라야 나 노래 추천해 줄 수 있어?,[먹고 있는 음식: 아메리카노],아 이제 살 것 같다,0.0
[좋아하는 가수: 블랙핑크],로라야 나 노래 추천해 줄 수 있어?,[좋아하는 음식: 삼겹살],맛집 추천해 줘!,0.3333
[좋아하는 가수: 블랙핑크],로라야 나 노래 추천해 줄 수 있어?,[좋아하는 꽃: 벚꽃],로라야 나 내일 꽃놀이 간다,0.3333
[좋아하는 가수: 블랙핑크],로라야 나 노래 추천해 줄 수 있어?,[좋아하는 꽃: 개나리],나 내일 꽃 보러 간다! ㅎㅎ,0.3333
[좋아하는 가수: 블랙핑크],로라야 나 노래 추천해 줄 수 있어?,[좋아하는 꽃: 목련],내일 나들이 가는데 같이 갈래?,0.3333
[좋아하는 가수: 블랙핑크],로라야 나 노래 추천해 줄 수 있어?,[좋아하는 가수: 아이유],로라야 노래 추천해 줘,1.0
[좋아하는 가수: 블랙핑크],로라야 나 노래 추천해 줄 수 있어?,[좋아하는 가수: 블랙핑크],로라야 나 노래 추천해 줄 수 있어?,1.0
[좋아하는 가수: 블랙핑크],로라야 나 노래 추천해 줄 수 있어?,[좋아하는 가수: 트와이스],나 노래 듣고 싶어!,1.0
[좋아하는 가수: 블랙핑크],로라야 나 노래 추천해 줄 수 있어?,[좋아하는 가수: 방탄소년단],노래 좀 추천해 줘~,1.0
[좋아하는 가수: 블랙핑크],로라야 나 노래 추천해 줄 수 있어?,[좋아하는 과목: 수학],로라야 미분방정식 어렵지 않아?,0.3333
[좋아하는 가수: 블랙핑크],로라야 나 노래 추천해 줄 수 있어?,[좋아하는 과목: 국어],내일 국어 시험인데 떨린다!,0.3333
[좋아하는 가수: 블랙핑크],로라야 나 노래 추천해 줄 수 있어?,[좋아하는 과목: 영어],내일 영어 말하기 대회야,0.3333
[좋아하는 가수: 블랙핑크],로라야 나 노래 추천해 줄 수 있어?,[내일 일정: 여행],오늘 저녁때 친구 만나기로 했는데,0.0
[좋아하는 가수: 블랙핑크],로라야 나 노래 추천해 줄 수 있어?,[내일 일정: 면접],아 떨린다 오늘 어떻게 잠들지?,0.0
[좋아하는 가수: 블랙핑크],로라야 나 노래 추천해 줄 수 있어?,[내일 일정: 술 약속],모레 아침에 어떻게 출근하지?,0.0
[좋아하는 가수: 블랙핑크],로라야 나 노래 추천해 줄 수 있어?,[내일 일정: 회식],내일 친구랑 약속 취소해야 할까?,0.0
[좋아하는 가수: 블랙핑크],로라야 나 노래 추천해 줄 수 있어?,[내일 일정: 회식],나 술 약한데 어떡하지?,0.0
[좋아하는 가수: 블랙핑크],로라야 나 노래 추천해 줄 수 있어?,[내일 일정: 자격증 시험],오늘 뭐 해야 할까?,0.0
[좋아하는 가수: 블랙핑크],로라야 나 노래 추천해 줄 수 있어?,[내일 일정: 코딩 테스트],아 알고리즘 복습 좀 하고 자야겠다,0.0
[좋아하는 가수: 블랙핑크],로라야 나 노래 추천해 줄 수 있어?,[내일 일정: 추석 연휴],로라야 내일 뭐하지?,0.0
[좋아하는 가수: 블랙핑크],로라야 나 노래 추천해 줄 수 있어?,[오늘 일정: 발표],나 발표 잘 할 수 있을까?,0.0
[좋아하는 가수: 블랙핑크],로라야 나 노래 추천해 줄 수 있어?,[오늘 일정: 발표],로라야 나 떨려,0.0
[좋아하는 가수: 블랙핑크],로라야 나 노래 추천해 줄 수 있어?,[오늘 일정: 발표],나 응원해줘,0.0
[좋아하는 가수: 블랙핑크],로라야 나 노래 추천해 줄 수 있어?,[오늘 일정: 면접],나 잘할 수 있겠지?,0.0
[좋아하는 가수: 블랙핑크],로라야 나 노래 추천해 줄 수 있어?,[오늘 일정: 면접],아 떨린다,0.0
[좋아하는 가수: 블랙핑크],로라야 나 노래 추천해 줄 수 있어?,[오늘 일정: 친구랑 술자리],아 오늘 이따 저녁때 기대된다,0.0
[좋아하는 가수: 블랙핑크],로라야 나 노래 추천해 줄 수 있어?,[오늘 일정: 친구랑 치맥],오늘 뭐 입고 나갈까?,0.0
[좋아하는 가수: 블랙핑크],로라야 나 노래 추천해 줄 수 있어?,[오늘 일정: 생일],로라야 안녕?,0.0
[좋아하는 가수: 트와이스],나 노래 듣고 싶어!,[롤 티어: 브론즈],나 롤 티어 올랐다!,0.0
[좋아하는 가수: 트와이스],나 노래 듣고 싶어!,[오늘 날씨: 비],아 오늘 약속 있는데 어떡하지?,0.0
[좋아하는 가수: 트와이스],나 노래 듣고 싶어!,[오늘 날씨: 비],로라야 이런 날에는 뭐 먹을까,0.0
[좋아하는 가수: 트와이스],나 노래 듣고 싶어!,[오늘 날씨: 구름 조금],오늘 뭐하지,0.0
[좋아하는 가수: 트와이스],나 노래 듣고 싶어!,[오늘 날씨: 구름 조금],오늘 뭐 하면 좋을까,0.0
[좋아하는 가수: 트와이스],나 노래 듣고 싶어!,[오늘 날씨: 맑음],기분 좋은 날이네,0.0
[좋아하는 가수: 트와이스],나 노래 듣고 싶어!,[오늘 날씨: 맑음],로라야 오늘 공원에 사람 많을까?,0.0
[좋아하는 가수: 트와이스],나 노래 듣고 싶어!,[오늘 날씨: 흐림],아 오늘 나가지 말까?,0.0
[좋아하는 가수: 트와이스],나 노래 듣고 싶어!,[오늘 날씨: 눈],오늘 출근길 어떡하지?,0.0
[좋아하는 가수: 트와이스],나 노래 듣고 싶어!,[지금 있는 곳: 집],아 뭐 하지?,0.0
[좋아하는 가수: 트와이스],나 노래 듣고 싶어!,[가고 싶은 곳: 카페],로라야 오 나 드디어 쿠폰 생겼어,0.0
[좋아하는 가수: 트와이스],나 노래 듣고 싶어!,[먹고 싶은 음식: 돼지고기],로라야 나 드디어 고기 먹었어,0.0
[좋아하는 가수: 트와이스],나 노래 듣고 싶어!,[먹고 있는 음식: 아메리카노],아 이제 살 것 같다,0.0
[좋아하는 가수: 트와이스],나 노래 듣고 싶어!,[좋아하는 음식: 삼겹살],맛집 추천해 줘!,0.3333
[좋아하는 가수: 트와이스],나 노래 듣고 싶어!,[좋아하는 꽃: 벚꽃],로라야 나 내일 꽃놀이 간다,0.3333
[좋아하는 가수: 트와이스],나 노래 듣고 싶어!,[좋아하는 꽃: 개나리],나 내일 꽃 보러 간다! ㅎㅎ,0.3333
[좋아하는 가수: 트와이스],나 노래 듣고 싶어!,[좋아하는 꽃: 목련],내일 나들이 가는데 같이 갈래?,0.3333
[좋아하는 가수: 트와이스],나 노래 듣고 싶어!,[좋아하는 가수: 아이유],로라야 노래 추천해 줘,1.0
[좋아하는 가수: 트와이스],나 노래 듣고 싶어!,[좋아하는 가수: 블랙핑크],로라야 나 노래 추천해 줄 수 있어?,1.0
[좋아하는 가수: 트와이스],나 노래 듣고 싶어!,[좋아하는 가수: 트와이스],나 노래 듣고 싶어!,1.0
[좋아하는 가수: 트와이스],나 노래 듣고 싶어!,[좋아하는 가수: 방탄소년단],노래 좀 추천해 줘~,1.0
[좋아하는 가수: 트와이스],나 노래 듣고 싶어!,[좋아하는 과목: 수학],로라야 미분방정식 어렵지 않아?,0.3333
[좋아하는 가수: 트와이스],나 노래 듣고 싶어!,[좋아하는 과목: 국어],내일 국어 시험인데 떨린다!,0.3333
[좋아하는 가수: 트와이스],나 노래 듣고 싶어!,[좋아하는 과목: 영어],내일 영어 말하기 대회야,0.3333
[좋아하는 가수: 트와이스],나 노래 듣고 싶어!,[내일 일정: 여행],오늘 저녁때 친구 만나기로 했는데,0.0
[좋아하는 가수: 트와이스],나 노래 듣고 싶어!,[내일 일정: 면접],아 떨린다 오늘 어떻게 잠들지?,0.0
[좋아하는 가수: 트와이스],나 노래 듣고 싶어!,[내일 일정: 술 약속],모레 아침에 어떻게 출근하지?,0.0
[좋아하는 가수: 트와이스],나 노래 듣고 싶어!,[내일 일정: 회식],내일 친구랑 약속 취소해야 할까?,0.0
[좋아하는 가수: 트와이스],나 노래 듣고 싶어!,[내일 일정: 회식],나 술 약한데 어떡하지?,0.0
[좋아하는 가수: 트와이스],나 노래 듣고 싶어!,[내일 일정: 자격증 시험],오늘 뭐 해야 할까?,0.0
[좋아하는 가수: 트와이스],나 노래 듣고 싶어!,[내일 일정: 코딩 테스트],아 알고리즘 복습 좀 하고 자야겠다,0.0
[좋아하는 가수: 트와이스],나 노래 듣고 싶어!,[내일 일정: 추석 연휴],로라야 내일 뭐하지?,0.0
[좋아하는 가수: 트와이스],나 노래 듣고 싶어!,[오늘 일정: 발표],나 발표 잘 할 수 있을까?,0.0
[좋아하는 가수: 트와이스],나 노래 듣고 싶어!,[오늘 일정: 발표],로라야 나 떨려,0.0
[좋아하는 가수: 트와이스],나 노래 듣고 싶어!,[오늘 일정: 발표],나 응원해줘,0.0
[좋아하는 가수: 트와이스],나 노래 듣고 싶어!,[오늘 일정: 면접],나 잘할 수 있겠지?,0.0
[좋아하는 가수: 트와이스],나 노래 듣고 싶어!,[오늘 일정: 면접],아 떨린다,0.0
[좋아하는 가수: 트와이스],나 노래 듣고 싶어!,[오늘 일정: 친구랑 술자리],아 오늘 이따 저녁때 기대된다,0.0
[좋아하는 가수: 트와이스],나 노래 듣고 싶어!,[오늘 일정: 친구랑 치맥],오늘 뭐 입고 나갈까?,0.0
[좋아하는 가수: 트와이스],나 노래 듣고 싶어!,[오늘 일정: 생일],로라야 안녕?,0.0
[좋아하는 가수: 방탄소년단],노래 좀 추천해 줘~,[롤 티어: 브론즈],나 롤 티어 올랐다!,0.0
[좋아하는 가수: 방탄소년단],노래 좀 추천해 줘~,[오늘 날씨: 비],아 오늘 약속 있는데 어떡하지?,0.0
[좋아하는 가수: 방탄소년단],노래 좀 추천해 줘~,[오늘 날씨: 비],로라야 이런 날에는 뭐 먹을까,0.0
[좋아하는 가수: 방탄소년단],노래 좀 추천해 줘~,[오늘 날씨: 구름 조금],오늘 뭐하지,0.0
[좋아하는 가수: 방탄소년단],노래 좀 추천해 줘~,[오늘 날씨: 구름 조금],오늘 뭐 하면 좋을까,0.0
[좋아하는 가수: 방탄소년단],노래 좀 추천해 줘~,[오늘 날씨: 맑음],기분 좋은 날이네,0.0
[좋아하는 가수: 방탄소년단],노래 좀 추천해 줘~,[오늘 날씨: 맑음],로라야 오늘 공원에 사람 많을까?,0.0
[좋아하는 가수: 방탄소년단],노래 좀 추천해 줘~,[오늘 날씨: 흐림],아 오늘 나가지 말까?,0.0
[좋아하는 가수: 방탄소년단],노래 좀 추천해 줘~,[오늘 날씨: 눈],오늘 출근길 어떡하지?,0.0
[좋아하는 가수: 방탄소년단],노래 좀 추천해 줘~,[지금 있는 곳: 집],아 뭐 하지?,0.0
[좋아하는 가수: 방탄소년단],노래 좀 추천해 줘~,[가고 싶은 곳: 카페],로라야 오 나 드디어 쿠폰 생겼어,0.0
[좋아하는 가수: 방탄소년단],노래 좀 추천해 줘~,[먹고 싶은 음식: 돼지고기],로라야 나 드디어 고기 먹었어,0.0
[좋아하는 가수: 방탄소년단],노래 좀 추천해 줘~,[먹고 있는 음식: 아메리카노],아 이제 살 것 같다,0.0
[좋아하는 가수: 방탄소년단],노래 좀 추천해 줘~,[좋아하는 음식: 삼겹살],맛집 추천해 줘!,0.3333
[좋아하는 가수: 방탄소년단],노래 좀 추천해 줘~,[좋아하는 꽃: 벚꽃],로라야 나 내일 꽃놀이 간다,0.3333
[좋아하는 가수: 방탄소년단],노래 좀 추천해 줘~,[좋아하는 꽃: 개나리],나 내일 꽃 보러 간다! ㅎㅎ,0.3333
[좋아하는 가수: 방탄소년단],노래 좀 추천해 줘~,[좋아하는 꽃: 목련],내일 나들이 가는데 같이 갈래?,0.3333
[좋아하는 가수: 방탄소년단],노래 좀 추천해 줘~,[좋아하는 가수: 아이유],로라야 노래 추천해 줘,1.0
[좋아하는 가수: 방탄소년단],노래 좀 추천해 줘~,[좋아하는 가수: 블랙핑크],로라야 나 노래 추천해 줄 수 있어?,1.0
[좋아하는 가수: 방탄소년단],노래 좀 추천해 줘~,[좋아하는 가수: 트와이스],나 노래 듣고 싶어!,1.0
[좋아하는 가수: 방탄소년단],노래 좀 추천해 줘~,[좋아하는 가수: 방탄소년단],노래 좀 추천해 줘~,1.0
[좋아하는 가수: 방탄소년단],노래 좀 추천해 줘~,[좋아하는 과목: 수학],로라야 미분방정식 어렵지 않아?,0.3333
[좋아하는 가수: 방탄소년단],노래 좀 추천해 줘~,[좋아하는 과목: 국어],내일 국어 시험인데 떨린다!,0.3333
[좋아하는 가수: 방탄소년단],노래 좀 추천해 줘~,[좋아하는 과목: 영어],내일 영어 말하기 대회야,0.3333
[좋아하는 가수: 방탄소년단],노래 좀 추천해 줘~,[내일 일정: 여행],오늘 저녁때 친구 만나기로 했는데,0.0
[좋아하는 가수: 방탄소년단],노래 좀 추천해 줘~,[내일 일정: 면접],아 떨린다 오늘 어떻게 잠들지?,0.0
[좋아하는 가수: 방탄소년단],노래 좀 추천해 줘~,[내일 일정: 술 약속],모레 아침에 어떻게 출근하지?,0.0
[좋아하는 가수: 방탄소년단],노래 좀 추천해 줘~,[내일 일정: 회식],내일 친구랑 약속 취소해야 할까?,0.0
[좋아하는 가수: 방탄소년단],노래 좀 추천해 줘~,[내일 일정: 회식],나 술 약한데 어떡하지?,0.0
[좋아하는 가수: 방탄소년단],노래 좀 추천해 줘~,[내일 일정: 자격증 시험],오늘 뭐 해야 할까?,0.0
[좋아하는 가수: 방탄소년단],노래 좀 추천해 줘~,[내일 일정: 코딩 테스트],아 알고리즘 복습 좀 하고 자야겠다,0.0
[좋아하는 가수: 방탄소년단],노래 좀 추천해 줘~,[내일 일정: 추석 연휴],로라야 내일 뭐하지?,0.0
[좋아하는 가수: 방탄소년단],노래 좀 추천해 줘~,[오늘 일정: 발표],나 발표 잘 할 수 있을까?,0.0
[좋아하는 가수: 방탄소년단],노래 좀 추천해 줘~,[오늘 일정: 발표],로라야 나 떨려,0.0
[좋아하는 가수: 방탄소년단],노래 좀 추천해 줘~,[오늘 일정: 발표],나 응원해줘,0.0
[좋아하는 가수: 방탄소년단],노래 좀 추천해 줘~,[오늘 일정: 면접],나 잘할 수 있겠지?,0.0
[좋아하는 가수: 방탄소년단],노래 좀 추천해 줘~,[오늘 일정: 면접],아 떨린다,0.0
[좋아하는 가수: 방탄소년단],노래 좀 추천해 줘~,[오늘 일정: 친구랑 술자리],아 오늘 이따 저녁때 기대된다,0.0
[좋아하는 가수: 방탄소년단],노래 좀 추천해 줘~,[오늘 일정: 친구랑 치맥],오늘 뭐 입고 나갈까?,0.0
[좋아하는 가수: 방탄소년단],노래 좀 추천해 줘~,[오늘 일정: 생일],로라야 안녕?,0.0
[좋아하는 과목: 수학],로라야 미분방정식 어렵지 않아?,[롤 티어: 브론즈],나 롤 티어 올랐다!,0.0
[좋아하는 과목: 수학],로라야 미분방정식 어렵지 않아?,[오늘 날씨: 비],아 오늘 약속 있는데 어떡하지?,0.0
[좋아하는 과목: 수학],로라야 미분방정식 어렵지 않아?,[오늘 날씨: 비],로라야 이런 날에는 뭐 먹을까,0.0
[좋아하는 과목: 수학],로라야 미분방정식 어렵지 않아?,[오늘 날씨: 구름 조금],오늘 뭐하지,0.0
[좋아하는 과목: 수학],로라야 미분방정식 어렵지 않아?,[오늘 날씨: 구름 조금],오늘 뭐 하면 좋을까,0.0
[좋아하는 과목: 수학],로라야 미분방정식 어렵지 않아?,[오늘 날씨: 맑음],기분 좋은 날이네,0.0
[좋아하는 과목: 수학],로라야 미분방정식 어렵지 않아?,[오늘 날씨: 맑음],로라야 오늘 공원에 사람 많을까?,0.0
[좋아하는 과목: 수학],로라야 미분방정식 어렵지 않아?,[오늘 날씨: 흐림],아 오늘 나가지 말까?,0.0
[좋아하는 과목: 수학],로라야 미분방정식 어렵지 않아?,[오늘 날씨: 눈],오늘 출근길 어떡하지?,0.0
[좋아하는 과목: 수학],로라야 미분방정식 어렵지 않아?,[지금 있는 곳: 집],아 뭐 하지?,0.0
[좋아하는 과목: 수학],로라야 미분방정식 어렵지 않아?,[가고 싶은 곳: 카페],로라야 오 나 드디어 쿠폰 생겼어,0.0
[좋아하는 과목: 수학],로라야 미분방정식 어렵지 않아?,[먹고 싶은 음식: 돼지고기],로라야 나 드디어 고기 먹었어,0.0
[좋아하는 과목: 수학],로라야 미분방정식 어렵지 않아?,[먹고 있는 음식: 아메리카노],아 이제 살 것 같다,0.0
[좋아하는 과목: 수학],로라야 미분방정식 어렵지 않아?,[좋아하는 음식: 삼겹살],맛집 추천해 줘!,0.3333
[좋아하는 과목: 수학],로라야 미분방정식 어렵지 않아?,[좋아하는 꽃: 벚꽃],로라야 나 내일 꽃놀이 간다,0.3333
[좋아하는 과목: 수학],로라야 미분방정식 어렵지 않아?,[좋아하는 꽃: 개나리],나 내일 꽃 보러 간다! ㅎㅎ,0.3333
[좋아하는 과목: 수학],로라야 미분방정식 어렵지 않아?,[좋아하는 꽃: 목련],내일 나들이 가는데 같이 갈래?,0.3333
[좋아하는 과목: 수학],로라야 미분방정식 어렵지 않아?,[좋아하는 가수: 아이유],로라야 노래 추천해 줘,0.3333
[좋아하는 과목: 수학],로라야 미분방정식 어렵지 않아?,[좋아하는 가수: 블랙핑크],로라야 나 노래 추천해 줄 수 있어?,0.3333
[좋아하는 과목: 수학],로라야 미분방정식 어렵지 않아?,[좋아하는 가수: 트와이스],나 노래 듣고 싶어!,0.3333
[좋아하는 과목: 수학],로라야 미분방정식 어렵지 않아?,[좋아하는 가수: 방탄소년단],노래 좀 추천해 줘~,0.3333
[좋아하는 과목: 수학],로라야 미분방정식 어렵지 않아?,[좋아하는 과목: 수학],로라야 미분방정식 어렵지 않아?,1.0
[좋아하는 과목: 수학],로라야 미분방정식 어렵지 않아?,[좋아하는 과목: 국어],내일 국어 시험인데 떨린다!,1.0
[좋아하는 과목: 수학],로라야 미분방정식 어렵지 않아?,[좋아하는 과목: 영어],내일 영어 말하기 대회야,1.0
[좋아하는 과목: 수학],로라야 미분방정식 어렵지 않아?,[내일 일정: 여행],오늘 저녁때 친구 만나기로 했는데,0.0
[좋아하는 과목: 수학],로라야 미분방정식 어렵지 않아?,[내일 일정: 면접],아 떨린다 오늘 어떻게 잠들지?,0.0
[좋아하는 과목: 수학],로라야 미분방정식 어렵지 않아?,[내일 일정: 술 약속],모레 아침에 어떻게 출근하지?,0.0
[좋아하는 과목: 수학],로라야 미분방정식 어렵지 않아?,[내일 일정: 회식],내일 친구랑 약속 취소해야 할까?,0.0
[좋아하는 과목: 수학],로라야 미분방정식 어렵지 않아?,[내일 일정: 회식],나 술 약한데 어떡하지?,0.0
[좋아하는 과목: 수학],로라야 미분방정식 어렵지 않아?,[내일 일정: 자격증 시험],오늘 뭐 해야 할까?,0.0
[좋아하는 과목: 수학],로라야 미분방정식 어렵지 않아?,[내일 일정: 코딩 테스트],아 알고리즘 복습 좀 하고 자야겠다,0.0
[좋아하는 과목: 수학],로라야 미분방정식 어렵지 않아?,[내일 일정: 추석 연휴],로라야 내일 뭐하지?,0.0
[좋아하는 과목: 수학],로라야 미분방정식 어렵지 않아?,[오늘 일정: 발표],나 발표 잘 할 수 있을까?,0.0
[좋아하는 과목: 수학],로라야 미분방정식 어렵지 않아?,[오늘 일정: 발표],로라야 나 떨려,0.0
[좋아하는 과목: 수학],로라야 미분방정식 어렵지 않아?,[오늘 일정: 발표],나 응원해줘,0.0
[좋아하는 과목: 수학],로라야 미분방정식 어렵지 않아?,[오늘 일정: 면접],나 잘할 수 있겠지?,0.0
[좋아하는 과목: 수학],로라야 미분방정식 어렵지 않아?,[오늘 일정: 면접],아 떨린다,0.0
[좋아하는 과목: 수학],로라야 미분방정식 어렵지 않아?,[오늘 일정: 친구랑 술자리],아 오늘 이따 저녁때 기대된다,0.0
[좋아하는 과목: 수학],로라야 미분방정식 어렵지 않아?,[오늘 일정: 친구랑 치맥],오늘 뭐 입고 나갈까?,0.0
[좋아하는 과목: 수학],로라야 미분방정식 어렵지 않아?,[오늘 일정: 생일],로라야 안녕?,0.0
[좋아하는 과목: 국어],내일 국어 시험인데 떨린다!,[롤 티어: 브론즈],나 롤 티어 올랐다!,0.0
[좋아하는 과목: 국어],내일 국어 시험인데 떨린다!,[오늘 날씨: 비],아 오늘 약속 있는데 어떡하지?,0.0
[좋아하는 과목: 국어],내일 국어 시험인데 떨린다!,[오늘 날씨: 비],로라야 이런 날에는 뭐 먹을까,0.0
[좋아하는 과목: 국어],내일 국어 시험인데 떨린다!,[오늘 날씨: 구름 조금],오늘 뭐하지,0.0
[좋아하는 과목: 국어],내일 국어 시험인데 떨린다!,[오늘 날씨: 구름 조금],오늘 뭐 하면 좋을까,0.0
[좋아하는 과목: 국어],내일 국어 시험인데 떨린다!,[오늘 날씨: 맑음],기분 좋은 날이네,0.0
[좋아하는 과목: 국어],내일 국어 시험인데 떨린다!,[오늘 날씨: 맑음],로라야 오늘 공원에 사람 많을까?,0.0
[좋아하는 과목: 국어],내일 국어 시험인데 떨린다!,[오늘 날씨: 흐림],아 오늘 나가지 말까?,0.0
[좋아하는 과목: 국어],내일 국어 시험인데 떨린다!,[오늘 날씨: 눈],오늘 출근길 어떡하지?,0.0
[좋아하는 과목: 국어],내일 국어 시험인데 떨린다!,[지금 있는 곳: 집],아 뭐 하지?,0.0
[좋아하는 과목: 국어],내일 국어 시험인데 떨린다!,[가고 싶은 곳: 카페],로라야 오 나 드디어 쿠폰 생겼어,0.0
[좋아하는 과목: 국어],내일 국어 시험인데 떨린다!,[먹고 싶은 음식: 돼지고기],로라야 나 드디어 고기 먹었어,0.0
[좋아하는 과목: 국어],내일 국어 시험인데 떨린다!,[먹고 있는 음식: 아메리카노],아 이제 살 것 같다,0.0
[좋아하는 과목: 국어],내일 국어 시험인데 떨린다!,[좋아하는 음식: 삼겹살],맛집 추천해 줘!,0.3333
[좋아하는 과목: 국어],내일 국어 시험인데 떨린다!,[좋아하는 꽃: 벚꽃],로라야 나 내일 꽃놀이 간다,0.3333
[좋아하는 과목: 국어],내일 국어 시험인데 떨린다!,[좋아하는 꽃: 개나리],나 내일 꽃 보러 간다! ㅎㅎ,0.3333
[좋아하는 과목: 국어],내일 국어 시험인데 떨린다!,[좋아하는 꽃: 목련],내일 나들이 가는데 같이 갈래?,0.3333
[좋아하는 과목: 국어],내일 국어 시험인데 떨린다!,[좋아하는 가수: 아이유],로라야 노래 추천해 줘,0.3333
[좋아하는 과목: 국어],내일 국어 시험인데 떨린다!,[좋아하는 가수: 블랙핑크],로라야 나 노래 추천해 줄 수 있어?,0.3333
[좋아하는 과목: 국어],내일 국어 시험인데 떨린다!,[좋아하는 가수: 트와이스],나 노래 듣고 싶어!,0.3333
[좋아하는 과목: 국어],내일 국어 시험인데 떨린다!,[좋아하는 가수: 방탄소년단],노래 좀 추천해 줘~,0.3333
[좋아하는 과목: 국어],내일 국어 시험인데 떨린다!,[좋아하는 과목: 수학],로라야 미분방정식 어렵지 않아?,1.0
[좋아하는 과목: 국어],내일 국어 시험인데 떨린다!,[좋아하는 과목: 국어],내일 국어 시험인데 떨린다!,1.0
[좋아하는 과목: 국어],내일 국어 시험인데 떨린다!,[좋아하는 과목: 영어],내일 영어 말하기 대회야,1.0
[좋아하는 과목: 국어],내일 국어 시험인데 떨린다!,[내일 일정: 여행],오늘 저녁때 친구 만나기로 했는데,0.0
[좋아하는 과목: 국어],내일 국어 시험인데 떨린다!,[내일 일정: 면접],아 떨린다 오늘 어떻게 잠들지?,0.0
[좋아하는 과목: 국어],내일 국어 시험인데 떨린다!,[내일 일정: 술 약속],모레 아침에 어떻게 출근하지?,0.0
[좋아하는 과목: 국어],내일 국어 시험인데 떨린다!,[내일 일정: 회식],내일 친구랑 약속 취소해야 할까?,0.0
[좋아하는 과목: 국어],내일 국어 시험인데 떨린다!,[내일 일정: 회식],나 술 약한데 어떡하지?,0.0
[좋아하는 과목: 국어],내일 국어 시험인데 떨린다!,[내일 일정: 자격증 시험],오늘 뭐 해야 할까?,0.0
[좋아하는 과목: 국어],내일 국어 시험인데 떨린다!,[내일 일정: 코딩 테스트],아 알고리즘 복습 좀 하고 자야겠다,0.0
[좋아하는 과목: 국어],내일 국어 시험인데 떨린다!,[내일 일정: 추석 연휴],로라야 내일 뭐하지?,0.0
[좋아하는 과목: 국어],내일 국어 시험인데 떨린다!,[오늘 일정: 발표],나 발표 잘 할 수 있을까?,0.0
[좋아하는 과목: 국어],내일 국어 시험인데 떨린다!,[오늘 일정: 발표],로라야 나 떨려,0.0
[좋아하는 과목: 국어],내일 국어 시험인데 떨린다!,[오늘 일정: 발표],나 응원해줘,0.0
[좋아하는 과목: 국어],내일 국어 시험인데 떨린다!,[오늘 일정: 면접],나 잘할 수 있겠지?,0.0
[좋아하는 과목: 국어],내일 국어 시험인데 떨린다!,[오늘 일정: 면접],아 떨린다,0.0
[좋아하는 과목: 국어],내일 국어 시험인데 떨린다!,[오늘 일정: 친구랑 술자리],아 오늘 이따 저녁때 기대된다,0.0
[좋아하는 과목: 국어],내일 국어 시험인데 떨린다!,[오늘 일정: 친구랑 치맥],오늘 뭐 입고 나갈까?,0.0
[좋아하는 과목: 국어],내일 국어 시험인데 떨린다!,[오늘 일정: 생일],로라야 안녕?,0.0
[좋아하는 과목: 영어],내일 영어 말하기 대회야,[롤 티어: 브론즈],나 롤 티어 올랐다!,0.0
[좋아하는 과목: 영어],내일 영어 말하기 대회야,[오늘 날씨: 비],아 오늘 약속 있는데 어떡하지?,0.0
[좋아하는 과목: 영어],내일 영어 말하기 대회야,[오늘 날씨: 비],로라야 이런 날에는 뭐 먹을까,0.0
[좋아하는 과목: 영어],내일 영어 말하기 대회야,[오늘 날씨: 구름 조금],오늘 뭐하지,0.0
[좋아하는 과목: 영어],내일 영어 말하기 대회야,[오늘 날씨: 구름 조금],오늘 뭐 하면 좋을까,0.0
[좋아하는 과목: 영어],내일 영어 말하기 대회야,[오늘 날씨: 맑음],기분 좋은 날이네,0.0
[좋아하는 과목: 영어],내일 영어 말하기 대회야,[오늘 날씨: 맑음],로라야 오늘 공원에 사람 많을까?,0.0
[좋아하는 과목: 영어],내일 영어 말하기 대회야,[오늘 날씨: 흐림],아 오늘 나가지 말까?,0.0
[좋아하는 과목: 영어],내일 영어 말하기 대회야,[오늘 날씨: 눈],오늘 출근길 어떡하지?,0.0
[좋아하는 과목: 영어],내일 영어 말하기 대회야,[지금 있는 곳: 집],아 뭐 하지?,0.0
[좋아하는 과목: 영어],내일 영어 말하기 대회야,[가고 싶은 곳: 카페],로라야 오 나 드디어 쿠폰 생겼어,0.0
[좋아하는 과목: 영어],내일 영어 말하기 대회야,[먹고 싶은 음식: 돼지고기],로라야 나 드디어 고기 먹었어,0.0
[좋아하는 과목: 영어],내일 영어 말하기 대회야,[먹고 있는 음식: 아메리카노],아 이제 살 것 같다,0.0
[좋아하는 과목: 영어],내일 영어 말하기 대회야,[좋아하는 음식: 삼겹살],맛집 추천해 줘!,0.3333
[좋아하는 과목: 영어],내일 영어 말하기 대회야,[좋아하는 꽃: 벚꽃],로라야 나 내일 꽃놀이 간다,0.3333
[좋아하는 과목: 영어],내일 영어 말하기 대회야,[좋아하는 꽃: 개나리],나 내일 꽃 보러 간다! ㅎㅎ,0.3333
[좋아하는 과목: 영어],내일 영어 말하기 대회야,[좋아하는 꽃: 목련],내일 나들이 가는데 같이 갈래?,0.3333
[좋아하는 과목: 영어],내일 영어 말하기 대회야,[좋아하는 가수: 아이유],로라야 노래 추천해 줘,0.3333
[좋아하는 과목: 영어],내일 영어 말하기 대회야,[좋아하는 가수: 블랙핑크],로라야 나 노래 추천해 줄 수 있어?,0.3333
[좋아하는 과목: 영어],내일 영어 말하기 대회야,[좋아하는 가수: 트와이스],나 노래 듣고 싶어!,0.3333
[좋아하는 과목: 영어],내일 영어 말하기 대회야,[좋아하는 가수: 방탄소년단],노래 좀 추천해 줘~,0.3333
[좋아하는 과목: 영어],내일 영어 말하기 대회야,[좋아하는 과목: 수학],로라야 미분방정식 어렵지 않아?,1.0
[좋아하는 과목: 영어],내일 영어 말하기 대회야,[좋아하는 과목: 국어],내일 국어 시험인데 떨린다!,1.0
[좋아하는 과목: 영어],내일 영어 말하기 대회야,[좋아하는 과목: 영어],내일 영어 말하기 대회야,1.0
[좋아하는 과목: 영어],내일 영어 말하기 대회야,[내일 일정: 여행],오늘 저녁때 친구 만나기로 했는데,0.0
[좋아하는 과목: 영어],내일 영어 말하기 대회야,[내일 일정: 면접],아 떨린다 오늘 어떻게 잠들지?,0.0
[좋아하는 과목: 영어],내일 영어 말하기 대회야,[내일 일정: 술 약속],모레 아침에 어떻게 출근하지?,0.0
[좋아하는 과목: 영어],내일 영어 말하기 대회야,[내일 일정: 회식],내일 친구랑 약속 취소해야 할까?,0.0
[좋아하는 과목: 영어],내일 영어 말하기 대회야,[내일 일정: 회식],나 술 약한데 어떡하지?,0.0
[좋아하는 과목: 영어],내일 영어 말하기 대회야,[내일 일정: 자격증 시험],오늘 뭐 해야 할까?,0.0
[좋아하는 과목: 영어],내일 영어 말하기 대회야,[내일 일정: 코딩 테스트],아 알고리즘 복습 좀 하고 자야겠다,0.0
[좋아하는 과목: 영어],내일 영어 말하기 대회야,[내일 일정: 추석 연휴],로라야 내일 뭐하지?,0.0
[좋아하는 과목: 영어],내일 영어 말하기 대회야,[오늘 일정: 발표],나 발표 잘 할 수 있을까?,0.0
[좋아하는 과목: 영어],내일 영어 말하기 대회야,[오늘 일정: 발표],로라야 나 떨려,0.0
[좋아하는 과목: 영어],내일 영어 말하기 대회야,[오늘 일정: 발표],나 응원해줘,0.0
[좋아하는 과목: 영어],내일 영어 말하기 대회야,[오늘 일정: 면접],나 잘할 수 있겠지?,0.0
[좋아하는 과목: 영어],내일 영어 말하기 대회야,[오늘 일정: 면접],아 떨린다,0.0
[좋아하는 과목: 영어],내일 영어 말하기 대회야,[오늘 일정: 친구랑 술자리],아 오늘 이따 저녁때 기대된다,0.0
[좋아하는 과목: 영어],내일 영어 말하기 대회야,[오늘 일정: 친구랑 치맥],오늘 뭐 입고 나갈까?,0.0
[좋아하는 과목: 영어],내일 영어 말하기 대회야,[오늘 일정: 생일],로라야 안녕?,0.0
[내일 일정: 여행],오늘 저녁때 친구 만나기로 했는데,[롤 티어: 브론즈],나 롤 티어 올랐다!,0.0
[내일 일정: 여행],오늘 저녁때 친구 만나기로 했는데,[오늘 날씨: 비],아 오늘 약속 있는데 어떡하지?,0.0
[내일 일정: 여행],오늘 저녁때 친구 만나기로 했는데,[오늘 날씨: 비],로라야 이런 날에는 뭐 먹을까,0.0
[내일 일정: 여행],오늘 저녁때 친구 만나기로 했는데,[오늘 날씨: 구름 조금],오늘 뭐하지,0.0
[내일 일정: 여행],오늘 저녁때 친구 만나기로 했는데,[오늘 날씨: 구름 조금],오늘 뭐 하면 좋을까,0.0
[내일 일정: 여행],오늘 저녁때 친구 만나기로 했는데,[오늘 날씨: 맑음],기분 좋은 날이네,0.0
[내일 일정: 여행],오늘 저녁때 친구 만나기로 했는데,[오늘 날씨: 맑음],로라야 오늘 공원에 사람 많을까?,0.0
[내일 일정: 여행],오늘 저녁때 친구 만나기로 했는데,[오늘 날씨: 흐림],아 오늘 나가지 말까?,0.0
[내일 일정: 여행],오늘 저녁때 친구 만나기로 했는데,[오늘 날씨: 눈],오늘 출근길 어떡하지?,0.0
[내일 일정: 여행],오늘 저녁때 친구 만나기로 했는데,[지금 있는 곳: 집],아 뭐 하지?,0.0
[내일 일정: 여행],오늘 저녁때 친구 만나기로 했는데,[가고 싶은 곳: 카페],로라야 오 나 드디어 쿠폰 생겼어,0.0
[내일 일정: 여행],오늘 저녁때 친구 만나기로 했는데,[먹고 싶은 음식: 돼지고기],로라야 나 드디어 고기 먹었어,0.0
[내일 일정: 여행],오늘 저녁때 친구 만나기로 했는데,[먹고 있는 음식: 아메리카노],아 이제 살 것 같다,0.0
[내일 일정: 여행],오늘 저녁때 친구 만나기로 했는데,[좋아하는 음식: 삼겹살],맛집 추천해 줘!,0.0
[내일 일정: 여행],오늘 저녁때 친구 만나기로 했는데,[좋아하는 꽃: 벚꽃],로라야 나 내일 꽃놀이 간다,0.0
[내일 일정: 여행],오늘 저녁때 친구 만나기로 했는데,[좋아하는 꽃: 개나리],나 내일 꽃 보러 간다! ㅎㅎ,0.0
[내일 일정: 여행],오늘 저녁때 친구 만나기로 했는데,[좋아하는 꽃: 목련],내일 나들이 가는데 같이 갈래?,0.0
[내일 일정: 여행],오늘 저녁때 친구 만나기로 했는데,[좋아하는 가수: 아이유],로라야 노래 추천해 줘,0.0
[내일 일정: 여행],오늘 저녁때 친구 만나기로 했는데,[좋아하는 가수: 블랙핑크],로라야 나 노래 추천해 줄 수 있어?,0.0
[내일 일정: 여행],오늘 저녁때 친구 만나기로 했는데,[좋아하는 가수: 트와이스],나 노래 듣고 싶어!,0.0
[내일 일정: 여행],오늘 저녁때 친구 만나기로 했는데,[좋아하는 가수: 방탄소년단],노래 좀 추천해 줘~,0.0
[내일 일정: 여행],오늘 저녁때 친구 만나기로 했는데,[좋아하는 과목: 수학],로라야 미분방정식 어렵지 않아?,0.0
[내일 일정: 여행],오늘 저녁때 친구 만나기로 했는데,[좋아하는 과목: 국어],내일 국어 시험인데 떨린다!,0.0
[내일 일정: 여행],오늘 저녁때 친구 만나기로 했는데,[좋아하는 과목: 영어],내일 영어 말하기 대회야,0.0
[내일 일정: 여행],오늘 저녁때 친구 만나기로 했는데,[내일 일정: 여행],오늘 저녁때 친구 만나기로 했는데,1.0
[내일 일정: 여행],오늘 저녁때 친구 만나기로 했는데,[내일 일정: 면접],아 떨린다 오늘 어떻게 잠들지?,1.0
[내일 일정: 여행],오늘 저녁때 친구 만나기로 했는데,[내일 일정: 술 약속],모레 아침에 어떻게 출근하지?,1.0
[내일 일정: 여행],오늘 저녁때 친구 만나기로 했는데,[내일 일정: 회식],내일 친구랑 약속 취소해야 할까?,1.0
[내일 일정: 여행],오늘 저녁때 친구 만나기로 했는데,[내일 일정: 회식],나 술 약한데 어떡하지?,1.0
[내일 일정: 여행],오늘 저녁때 친구 만나기로 했는데,[내일 일정: 자격증 시험],오늘 뭐 해야 할까?,1.0
[내일 일정: 여행],오늘 저녁때 친구 만나기로 했는데,[내일 일정: 코딩 테스트],아 알고리즘 복습 좀 하고 자야겠다,1.0
[내일 일정: 여행],오늘 저녁때 친구 만나기로 했는데,[내일 일정: 추석 연휴],로라야 내일 뭐하지?,1.0
[내일 일정: 여행],오늘 저녁때 친구 만나기로 했는데,[오늘 일정: 발표],나 발표 잘 할 수 있을까?,0.3333
[내일 일정: 여행],오늘 저녁때 친구 만나기로 했는데,[오늘 일정: 발표],로라야 나 떨려,0.3333
[내일 일정: 여행],오늘 저녁때 친구 만나기로 했는데,[오늘 일정: 발표],나 응원해줘,0.3333
[내일 일정: 여행],오늘 저녁때 친구 만나기로 했는데,[오늘 일정: 면접],나 잘할 수 있겠지?,0.3333
[내일 일정: 여행],오늘 저녁때 친구 만나기로 했는데,[오늘 일정: 면접],아 떨린다,0.3333
[내일 일정: 여행],오늘 저녁때 친구 만나기로 했는데,[오늘 일정: 친구랑 술자리],아 오늘 이따 저녁때 기대된다,0.3333
[내일 일정: 여행],오늘 저녁때 친구 만나기로 했는데,[오늘 일정: 친구랑 치맥],오늘 뭐 입고 나갈까?,0.3333
[내일 일정: 여행],오늘 저녁때 친구 만나기로 했는데,[오늘 일정: 생일],로라야 안녕?,0.3333
[내일 일정: 면접],아 떨린다 오늘 어떻게 잠들지?,[롤 티어: 브론즈],나 롤 티어 올랐다!,0.0
[내일 일정: 면접],아 떨린다 오늘 어떻게 잠들지?,[오늘 날씨: 비],아 오늘 약속 있는데 어떡하지?,0.0
[내일 일정: 면접],아 떨린다 오늘 어떻게 잠들지?,[오늘 날씨: 비],로라야 이런 날에는 뭐 먹을까,0.0
[내일 일정: 면접],아 떨린다 오늘 어떻게 잠들지?,[오늘 날씨: 구름 조금],오늘 뭐하지,0.0
[내일 일정: 면접],아 떨린다 오늘 어떻게 잠들지?,[오늘 날씨: 구름 조금],오늘 뭐 하면 좋을까,0.0
[내일 일정: 면접],아 떨린다 오늘 어떻게 잠들지?,[오늘 날씨: 맑음],기분 좋은 날이네,0.0
[내일 일정: 면접],아 떨린다 오늘 어떻게 잠들지?,[오늘 날씨: 맑음],로라야 오늘 공원에 사람 많을까?,0.0
[내일 일정: 면접],아 떨린다 오늘 어떻게 잠들지?,[오늘 날씨: 흐림],아 오늘 나가지 말까?,0.0
[내일 일정: 면접],아 떨린다 오늘 어떻게 잠들지?,[오늘 날씨: 눈],오늘 출근길 어떡하지?,0.0
[내일 일정: 면접],아 떨린다 오늘 어떻게 잠들지?,[지금 있는 곳: 집],아 뭐 하지?,0.0
[내일 일정: 면접],아 떨린다 오늘 어떻게 잠들지?,[가고 싶은 곳: 카페],로라야 오 나 드디어 쿠폰 생겼어,0.0
[내일 일정: 면접],아 떨린다 오늘 어떻게 잠들지?,[먹고 싶은 음식: 돼지고기],로라야 나 드디어 고기 먹었어,0.0
[내일 일정: 면접],아 떨린다 오늘 어떻게 잠들지?,[먹고 있는 음식: 아메리카노],아 이제 살 것 같다,0.0
[내일 일정: 면접],아 떨린다 오늘 어떻게 잠들지?,[좋아하는 음식: 삼겹살],맛집 추천해 줘!,0.0
[내일 일정: 면접],아 떨린다 오늘 어떻게 잠들지?,[좋아하는 꽃: 벚꽃],로라야 나 내일 꽃놀이 간다,0.0
[내일 일정: 면접],아 떨린다 오늘 어떻게 잠들지?,[좋아하는 꽃: 개나리],나 내일 꽃 보러 간다! ㅎㅎ,0.0
[내일 일정: 면접],아 떨린다 오늘 어떻게 잠들지?,[좋아하는 꽃: 목련],내일 나들이 가는데 같이 갈래?,0.0
[내일 일정: 면접],아 떨린다 오늘 어떻게 잠들지?,[좋아하는 가수: 아이유],로라야 노래 추천해 줘,0.0
[내일 일정: 면접],아 떨린다 오늘 어떻게 잠들지?,[좋아하는 가수: 블랙핑크],로라야 나 노래 추천해 줄 수 있어?,0.0
[내일 일정: 면접],아 떨린다 오늘 어떻게 잠들지?,[좋아하는 가수: 트와이스],나 노래 듣고 싶어!,0.0
[내일 일정: 면접],아 떨린다 오늘 어떻게 잠들지?,[좋아하는 가수: 방탄소년단],노래 좀 추천해 줘~,0.0
[내일 일정: 면접],아 떨린다 오늘 어떻게 잠들지?,[좋아하는 과목: 수학],로라야 미분방정식 어렵지 않아?,0.0
[내일 일정: 면접],아 떨린다 오늘 어떻게 잠들지?,[좋아하는 과목: 국어],내일 국어 시험인데 떨린다!,0.0
[내일 일정: 면접],아 떨린다 오늘 어떻게 잠들지?,[좋아하는 과목: 영어],내일 영어 말하기 대회야,0.0
[내일 일정: 면접],아 떨린다 오늘 어떻게 잠들지?,[내일 일정: 여행],오늘 저녁때 친구 만나기로 했는데,1.0
[내일 일정: 면접],아 떨린다 오늘 어떻게 잠들지?,[내일 일정: 면접],아 떨린다 오늘 어떻게 잠들지?,1.0
[내일 일정: 면접],아 떨린다 오늘 어떻게 잠들지?,[내일 일정: 술 약속],모레 아침에 어떻게 출근하지?,1.0
[내일 일정: 면접],아 떨린다 오늘 어떻게 잠들지?,[내일 일정: 회식],내일 친구랑 약속 취소해야 할까?,1.0
[내일 일정: 면접],아 떨린다 오늘 어떻게 잠들지?,[내일 일정: 회식],나 술 약한데 어떡하지?,1.0
[내일 일정: 면접],아 떨린다 오늘 어떻게 잠들지?,[내일 일정: 자격증 시험],오늘 뭐 해야 할까?,1.0
[내일 일정: 면접],아 떨린다 오늘 어떻게 잠들지?,[내일 일정: 코딩 테스트],아 알고리즘 복습 좀 하고 자야겠다,1.0
[내일 일정: 면접],아 떨린다 오늘 어떻게 잠들지?,[내일 일정: 추석 연휴],로라야 내일 뭐하지?,1.0
[내일 일정: 면접],아 떨린다 오늘 어떻게 잠들지?,[오늘 일정: 발표],나 발표 잘 할 수 있을까?,0.3333
[내일 일정: 면접],아 떨린다 오늘 어떻게 잠들지?,[오늘 일정: 발표],로라야 나 떨려,0.3333
[내일 일정: 면접],아 떨린다 오늘 어떻게 잠들지?,[오늘 일정: 발표],나 응원해줘,0.3333
[내일 일정: 면접],아 떨린다 오늘 어떻게 잠들지?,[오늘 일정: 면접],나 잘할 수 있겠지?,0.3333
[내일 일정: 면접],아 떨린다 오늘 어떻게 잠들지?,[오늘 일정: 면접],아 떨린다,0.3333
[내일 일정: 면접],아 떨린다 오늘 어떻게 잠들지?,[오늘 일정: 친구랑 술자리],아 오늘 이따 저녁때 기대된다,0.3333
[내일 일정: 면접],아 떨린다 오늘 어떻게 잠들지?,[오늘 일정: 친구랑 치맥],오늘 뭐 입고 나갈까?,0.3333
[내일 일정: 면접],아 떨린다 오늘 어떻게 잠들지?,[오늘 일정: 생일],로라야 안녕?,0.3333
[내일 일정: 술 약속],모레 아침에 어떻게 출근하지?,[롤 티어: 브론즈],나 롤 티어 올랐다!,0.0
[내일 일정: 술 약속],모레 아침에 어떻게 출근하지?,[오늘 날씨: 비],아 오늘 약속 있는데 어떡하지?,0.0
[내일 일정: 술 약속],모레 아침에 어떻게 출근하지?,[오늘 날씨: 비],로라야 이런 날에는 뭐 먹을까,0.0
[내일 일정: 술 약속],모레 아침에 어떻게 출근하지?,[오늘 날씨: 구름 조금],오늘 뭐하지,0.0
[내일 일정: 술 약속],모레 아침에 어떻게 출근하지?,[오늘 날씨: 구름 조금],오늘 뭐 하면 좋을까,0.0
[내일 일정: 술 약속],모레 아침에 어떻게 출근하지?,[오늘 날씨: 맑음],기분 좋은 날이네,0.0
[내일 일정: 술 약속],모레 아침에 어떻게 출근하지?,[오늘 날씨: 맑음],로라야 오늘 공원에 사람 많을까?,0.0
[내일 일정: 술 약속],모레 아침에 어떻게 출근하지?,[오늘 날씨: 흐림],아 오늘 나가지 말까?,0.0
[내일 일정: 술 약속],모레 아침에 어떻게 출근하지?,[오늘 날씨: 눈],오늘 출근길 어떡하지?,0.0
[내일 일정: 술 약속],모레 아침에 어떻게 출근하지?,[지금 있는 곳: 집],아 뭐 하지?,0.0
[내일 일정: 술 약속],모레 아침에 어떻게 출근하지?,[가고 싶은 곳: 카페],로라야 오 나 드디어 쿠폰 생겼어,0.0
[내일 일정: 술 약속],모레 아침에 어떻게 출근하지?,[먹고 싶은 음식: 돼지고기],로라야 나 드디어 고기 먹었어,0.0
[내일 일정: 술 약속],모레 아침에 어떻게 출근하지?,[먹고 있는 음식: 아메리카노],아 이제 살 것 같다,0.0
[내일 일정: 술 약속],모레 아침에 어떻게 출근하지?,[좋아하는 음식: 삼겹살],맛집 추천해 줘!,0.0
[내일 일정: 술 약속],모레 아침에 어떻게 출근하지?,[좋아하는 꽃: 벚꽃],로라야 나 내일 꽃놀이 간다,0.0
[내일 일정: 술 약속],모레 아침에 어떻게 출근하지?,[좋아하는 꽃: 개나리],나 내일 꽃 보러 간다! ㅎㅎ,0.0
[내일 일정: 술 약속],모레 아침에 어떻게 출근하지?,[좋아하는 꽃: 목련],내일 나들이 가는데 같이 갈래?,0.0
[내일 일정: 술 약속],모레 아침에 어떻게 출근하지?,[좋아하는 가수: 아이유],로라야 노래 추천해 줘,0.0
[내일 일정: 술 약속],모레 아침에 어떻게 출근하지?,[좋아하는 가수: 블랙핑크],로라야 나 노래 추천해 줄 수 있어?,0.0
[내일 일정: 술 약속],모레 아침에 어떻게 출근하지?,[좋아하는 가수: 트와이스],나 노래 듣고 싶어!,0.0
[내일 일정: 술 약속],모레 아침에 어떻게 출근하지?,[좋아하는 가수: 방탄소년단],노래 좀 추천해 줘~,0.0
[내일 일정: 술 약속],모레 아침에 어떻게 출근하지?,[좋아하는 과목: 수학],로라야 미분방정식 어렵지 않아?,0.0
[내일 일정: 술 약속],모레 아침에 어떻게 출근하지?,[좋아하는 과목: 국어],내일 국어 시험인데 떨린다!,0.0
[내일 일정: 술 약속],모레 아침에 어떻게 출근하지?,[좋아하는 과목: 영어],내일 영어 말하기 대회야,0.0
[내일 일정: 술 약속],모레 아침에 어떻게 출근하지?,[내일 일정: 여행],오늘 저녁때 친구 만나기로 했는데,1.0
[내일 일정: 술 약속],모레 아침에 어떻게 출근하지?,[내일 일정: 면접],아 떨린다 오늘 어떻게 잠들지?,1.0
[내일 일정: 술 약속],모레 아침에 어떻게 출근하지?,[내일 일정: 술 약속],모레 아침에 어떻게 출근하지?,1.0
[내일 일정: 술 약속],모레 아침에 어떻게 출근하지?,[내일 일정: 회식],내일 친구랑 약속 취소해야 할까?,1.0
[내일 일정: 술 약속],모레 아침에 어떻게 출근하지?,[내일 일정: 회식],나 술 약한데 어떡하지?,1.0
[내일 일정: 술 약속],모레 아침에 어떻게 출근하지?,[내일 일정: 자격증 시험],오늘 뭐 해야 할까?,1.0
[내일 일정: 술 약속],모레 아침에 어떻게 출근하지?,[내일 일정: 코딩 테스트],아 알고리즘 복습 좀 하고 자야겠다,1.0
[내일 일정: 술 약속],모레 아침에 어떻게 출근하지?,[내일 일정: 추석 연휴],로라야 내일 뭐하지?,1.0
[내일 일정: 술 약속],모레 아침에 어떻게 출근하지?,[오늘 일정: 발표],나 발표 잘 할 수 있을까?,0.3333
[내일 일정: 술 약속],모레 아침에 어떻게 출근하지?,[오늘 일정: 발표],로라야 나 떨려,0.3333
[내일 일정: 술 약속],모레 아침에 어떻게 출근하지?,[오늘 일정: 발표],나 응원해줘,0.3333
[내일 일정: 술 약속],모레 아침에 어떻게 출근하지?,[오늘 일정: 면접],나 잘할 수 있겠지?,0.3333
[내일 일정: 술 약속],모레 아침에 어떻게 출근하지?,[오늘 일정: 면접],아 떨린다,0.3333
[내일 일정: 술 약속],모레 아침에 어떻게 출근하지?,[오늘 일정: 친구랑 술자리],아 오늘 이따 저녁때 기대된다,0.3333
[내일 일정: 술 약속],모레 아침에 어떻게 출근하지?,[오늘 일정: 친구랑 치맥],오늘 뭐 입고 나갈까?,0.3333
[내일 일정: 술 약속],모레 아침에 어떻게 출근하지?,[오늘 일정: 생일],로라야 안녕?,0.3333
[내일 일정: 회식],내일 친구랑 약속 취소해야 할까?,[롤 티어: 브론즈],나 롤 티어 올랐다!,0.0
[내일 일정: 회식],내일 친구랑 약속 취소해야 할까?,[오늘 날씨: 비],아 오늘 약속 있는데 어떡하지?,0.0
[내일 일정: 회식],내일 친구랑 약속 취소해야 할까?,[오늘 날씨: 비],로라야 이런 날에는 뭐 먹을까,0.0
[내일 일정: 회식],내일 친구랑 약속 취소해야 할까?,[오늘 날씨: 구름 조금],오늘 뭐하지,0.0
[내일 일정: 회식],내일 친구랑 약속 취소해야 할까?,[오늘 날씨: 구름 조금],오늘 뭐 하면 좋을까,0.0
[내일 일정: 회식],내일 친구랑 약속 취소해야 할까?,[오늘 날씨: 맑음],기분 좋은 날이네,0.0
[내일 일정: 회식],내일 친구랑 약속 취소해야 할까?,[오늘 날씨: 맑음],로라야 오늘 공원에 사람 많을까?,0.0
[내일 일정: 회식],내일 친구랑 약속 취소해야 할까?,[오늘 날씨: 흐림],아 오늘 나가지 말까?,0.0
[내일 일정: 회식],내일 친구랑 약속 취소해야 할까?,[오늘 날씨: 눈],오늘 출근길 어떡하지?,0.0
[내일 일정: 회식],내일 친구랑 약속 취소해야 할까?,[지금 있는 곳: 집],아 뭐 하지?,0.0
[내일 일정: 회식],내일 친구랑 약속 취소해야 할까?,[가고 싶은 곳: 카페],로라야 오 나 드디어 쿠폰 생겼어,0.0
[내일 일정: 회식],내일 친구랑 약속 취소해야 할까?,[먹고 싶은 음식: 돼지고기],로라야 나 드디어 고기 먹었어,0.0
[내일 일정: 회식],내일 친구랑 약속 취소해야 할까?,[먹고 있는 음식: 아메리카노],아 이제 살 것 같다,0.0
[내일 일정: 회식],내일 친구랑 약속 취소해야 할까?,[좋아하는 음식: 삼겹살],맛집 추천해 줘!,0.0
[내일 일정: 회식],내일 친구랑 약속 취소해야 할까?,[좋아하는 꽃: 벚꽃],로라야 나 내일 꽃놀이 간다,0.0
[내일 일정: 회식],내일 친구랑 약속 취소해야 할까?,[좋아하는 꽃: 개나리],나 내일 꽃 보러 간다! ㅎㅎ,0.0
[내일 일정: 회식],내일 친구랑 약속 취소해야 할까?,[좋아하는 꽃: 목련],내일 나들이 가는데 같이 갈래?,0.0
[내일 일정: 회식],내일 친구랑 약속 취소해야 할까?,[좋아하는 가수: 아이유],로라야 노래 추천해 줘,0.0
[내일 일정: 회식],내일 친구랑 약속 취소해야 할까?,[좋아하는 가수: 블랙핑크],로라야 나 노래 추천해 줄 수 있어?,0.0
[내일 일정: 회식],내일 친구랑 약속 취소해야 할까?,[좋아하는 가수: 트와이스],나 노래 듣고 싶어!,0.0
[내일 일정: 회식],내일 친구랑 약속 취소해야 할까?,[좋아하는 가수: 방탄소년단],노래 좀 추천해 줘~,0.0
[내일 일정: 회식],내일 친구랑 약속 취소해야 할까?,[좋아하는 과목: 수학],로라야 미분방정식 어렵지 않아?,0.0
[내일 일정: 회식],내일 친구랑 약속 취소해야 할까?,[좋아하는 과목: 국어],내일 국어 시험인데 떨린다!,0.0
[내일 일정: 회식],내일 친구랑 약속 취소해야 할까?,[좋아하는 과목: 영어],내일 영어 말하기 대회야,0.0
[내일 일정: 회식],내일 친구랑 약속 취소해야 할까?,[내일 일정: 여행],오늘 저녁때 친구 만나기로 했는데,1.0
[내일 일정: 회식],내일 친구랑 약속 취소해야 할까?,[내일 일정: 면접],아 떨린다 오늘 어떻게 잠들지?,1.0
[내일 일정: 회식],내일 친구랑 약속 취소해야 할까?,[내일 일정: 술 약속],모레 아침에 어떻게 출근하지?,1.0
[내일 일정: 회식],내일 친구랑 약속 취소해야 할까?,[내일 일정: 회식],내일 친구랑 약속 취소해야 할까?,1.0
[내일 일정: 회식],내일 친구랑 약속 취소해야 할까?,[내일 일정: 회식],나 술 약한데 어떡하지?,1.0
[내일 일정: 회식],내일 친구랑 약속 취소해야 할까?,[내일 일정: 자격증 시험],오늘 뭐 해야 할까?,1.0
[내일 일정: 회식],내일 친구랑 약속 취소해야 할까?,[내일 일정: 코딩 테스트],아 알고리즘 복습 좀 하고 자야겠다,1.0
[내일 일정: 회식],내일 친구랑 약속 취소해야 할까?,[내일 일정: 추석 연휴],로라야 내일 뭐하지?,1.0
[내일 일정: 회식],내일 친구랑 약속 취소해야 할까?,[오늘 일정: 발표],나 발표 잘 할 수 있을까?,0.3333
[내일 일정: 회식],내일 친구랑 약속 취소해야 할까?,[오늘 일정: 발표],로라야 나 떨려,0.3333
[내일 일정: 회식],내일 친구랑 약속 취소해야 할까?,[오늘 일정: 발표],나 응원해줘,0.3333
[내일 일정: 회식],내일 친구랑 약속 취소해야 할까?,[오늘 일정: 면접],나 잘할 수 있겠지?,0.3333
[내일 일정: 회식],내일 친구랑 약속 취소해야 할까?,[오늘 일정: 면접],아 떨린다,0.3333
[내일 일정: 회식],내일 친구랑 약속 취소해야 할까?,[오늘 일정: 친구랑 술자리],아 오늘 이따 저녁때 기대된다,0.3333
[내일 일정: 회식],내일 친구랑 약속 취소해야 할까?,[오늘 일정: 친구랑 치맥],오늘 뭐 입고 나갈까?,0.3333
[내일 일정: 회식],내일 친구랑 약속 취소해야 할까?,[오늘 일정: 생일],로라야 안녕?,0.3333
[내일 일정: 회식],나 술 약한데 어떡하지?,[롤 티어: 브론즈],나 롤 티어 올랐다!,0.0
[내일 일정: 회식],나 술 약한데 어떡하지?,[오늘 날씨: 비],아 오늘 약속 있는데 어떡하지?,0.0
[내일 일정: 회식],나 술 약한데 어떡하지?,[오늘 날씨: 비],로라야 이런 날에는 뭐 먹을까,0.0
[내일 일정: 회식],나 술 약한데 어떡하지?,[오늘 날씨: 구름 조금],오늘 뭐하지,0.0
[내일 일정: 회식],나 술 약한데 어떡하지?,[오늘 날씨: 구름 조금],오늘 뭐 하면 좋을까,0.0
[내일 일정: 회식],나 술 약한데 어떡하지?,[오늘 날씨: 맑음],기분 좋은 날이네,0.0
[내일 일정: 회식],나 술 약한데 어떡하지?,[오늘 날씨: 맑음],로라야 오늘 공원에 사람 많을까?,0.0
[내일 일정: 회식],나 술 약한데 어떡하지?,[오늘 날씨: 흐림],아 오늘 나가지 말까?,0.0
[내일 일정: 회식],나 술 약한데 어떡하지?,[오늘 날씨: 눈],오늘 출근길 어떡하지?,0.0
[내일 일정: 회식],나 술 약한데 어떡하지?,[지금 있는 곳: 집],아 뭐 하지?,0.0
[내일 일정: 회식],나 술 약한데 어떡하지?,[가고 싶은 곳: 카페],로라야 오 나 드디어 쿠폰 생겼어,0.0
[내일 일정: 회식],나 술 약한데 어떡하지?,[먹고 싶은 음식: 돼지고기],로라야 나 드디어 고기 먹었어,0.0
[내일 일정: 회식],나 술 약한데 어떡하지?,[먹고 있는 음식: 아메리카노],아 이제 살 것 같다,0.0
[내일 일정: 회식],나 술 약한데 어떡하지?,[좋아하는 음식: 삼겹살],맛집 추천해 줘!,0.0
[내일 일정: 회식],나 술 약한데 어떡하지?,[좋아하는 꽃: 벚꽃],로라야 나 내일 꽃놀이 간다,0.0
[내일 일정: 회식],나 술 약한데 어떡하지?,[좋아하는 꽃: 개나리],나 내일 꽃 보러 간다! ㅎㅎ,0.0
[내일 일정: 회식],나 술 약한데 어떡하지?,[좋아하는 꽃: 목련],내일 나들이 가는데 같이 갈래?,0.0
[내일 일정: 회식],나 술 약한데 어떡하지?,[좋아하는 가수: 아이유],로라야 노래 추천해 줘,0.0
[내일 일정: 회식],나 술 약한데 어떡하지?,[좋아하는 가수: 블랙핑크],로라야 나 노래 추천해 줄 수 있어?,0.0
[내일 일정: 회식],나 술 약한데 어떡하지?,[좋아하는 가수: 트와이스],나 노래 듣고 싶어!,0.0
[내일 일정: 회식],나 술 약한데 어떡하지?,[좋아하는 가수: 방탄소년단],노래 좀 추천해 줘~,0.0
[내일 일정: 회식],나 술 약한데 어떡하지?,[좋아하는 과목: 수학],로라야 미분방정식 어렵지 않아?,0.0
[내일 일정: 회식],나 술 약한데 어떡하지?,[좋아하는 과목: 국어],내일 국어 시험인데 떨린다!,0.0
[내일 일정: 회식],나 술 약한데 어떡하지?,[좋아하는 과목: 영어],내일 영어 말하기 대회야,0.0
[내일 일정: 회식],나 술 약한데 어떡하지?,[내일 일정: 여행],오늘 저녁때 친구 만나기로 했는데,1.0
[내일 일정: 회식],나 술 약한데 어떡하지?,[내일 일정: 면접],아 떨린다 오늘 어떻게 잠들지?,1.0
[내일 일정: 회식],나 술 약한데 어떡하지?,[내일 일정: 술 약속],모레 아침에 어떻게 출근하지?,1.0
[내일 일정: 회식],나 술 약한데 어떡하지?,[내일 일정: 회식],내일 친구랑 약속 취소해야 할까?,1.0
[내일 일정: 회식],나 술 약한데 어떡하지?,[내일 일정: 회식],나 술 약한데 어떡하지?,1.0
[내일 일정: 회식],나 술 약한데 어떡하지?,[내일 일정: 자격증 시험],오늘 뭐 해야 할까?,1.0
[내일 일정: 회식],나 술 약한데 어떡하지?,[내일 일정: 코딩 테스트],아 알고리즘 복습 좀 하고 자야겠다,1.0
[내일 일정: 회식],나 술 약한데 어떡하지?,[내일 일정: 추석 연휴],로라야 내일 뭐하지?,1.0
[내일 일정: 회식],나 술 약한데 어떡하지?,[오늘 일정: 발표],나 발표 잘 할 수 있을까?,0.3333
[내일 일정: 회식],나 술 약한데 어떡하지?,[오늘 일정: 발표],로라야 나 떨려,0.3333
[내일 일정: 회식],나 술 약한데 어떡하지?,[오늘 일정: 발표],나 응원해줘,0.3333
[내일 일정: 회식],나 술 약한데 어떡하지?,[오늘 일정: 면접],나 잘할 수 있겠지?,0.3333
[내일 일정: 회식],나 술 약한데 어떡하지?,[오늘 일정: 면접],아 떨린다,0.3333
[내일 일정: 회식],나 술 약한데 어떡하지?,[오늘 일정: 친구랑 술자리],아 오늘 이따 저녁때 기대된다,0.3333
[내일 일정: 회식],나 술 약한데 어떡하지?,[오늘 일정: 친구랑 치맥],오늘 뭐 입고 나갈까?,0.3333
[내일 일정: 회식],나 술 약한데 어떡하지?,[오늘 일정: 생일],로라야 안녕?,0.3333
[내일 일정: 자격증 시험],오늘 뭐 해야 할까?,[롤 티어: 브론즈],나 롤 티어 올랐다!,0.0
[내일 일정: 자격증 시험],오늘 뭐 해야 할까?,[오늘 날씨: 비],아 오늘 약속 있는데 어떡하지?,0.0
[내일 일정: 자격증 시험],오늘 뭐 해야 할까?,[오늘 날씨: 비],로라야 이런 날에는 뭐 먹을까,0.0
[내일 일정: 자격증 시험],오늘 뭐 해야 할까?,[오늘 날씨: 구름 조금],오늘 뭐하지,0.0
[내일 일정: 자격증 시험],오늘 뭐 해야 할까?,[오늘 날씨: 구름 조금],오늘 뭐 하면 좋을까,0.0
[내일 일정: 자격증 시험],오늘 뭐 해야 할까?,[오늘 날씨: 맑음],기분 좋은 날이네,0.0
[내일 일정: 자격증 시험],오늘 뭐 해야 할까?,[오늘 날씨: 맑음],로라야 오늘 공원에 사람 많을까?,0.0
[내일 일정: 자격증 시험],오늘 뭐 해야 할까?,[오늘 날씨: 흐림],아 오늘 나가지 말까?,0.0
[내일 일정: 자격증 시험],오늘 뭐 해야 할까?,[오늘 날씨: 눈],오늘 출근길 어떡하지?,0.0
[내일 일정: 자격증 시험],오늘 뭐 해야 할까?,[지금 있는 곳: 집],아 뭐 하지?,0.0
[내일 일정: 자격증 시험],오늘 뭐 해야 할까?,[가고 싶은 곳: 카페],로라야 오 나 드디어 쿠폰 생겼어,0.0
[내일 일정: 자격증 시험],오늘 뭐 해야 할까?,[먹고 싶은 음식: 돼지고기],로라야 나 드디어 고기 먹었어,0.0
[내일 일정: 자격증 시험],오늘 뭐 해야 할까?,[먹고 있는 음식: 아메리카노],아 이제 살 것 같다,0.0
[내일 일정: 자격증 시험],오늘 뭐 해야 할까?,[좋아하는 음식: 삼겹살],맛집 추천해 줘!,0.0
[내일 일정: 자격증 시험],오늘 뭐 해야 할까?,[좋아하는 꽃: 벚꽃],로라야 나 내일 꽃놀이 간다,0.0
[내일 일정: 자격증 시험],오늘 뭐 해야 할까?,[좋아하는 꽃: 개나리],나 내일 꽃 보러 간다! ㅎㅎ,0.0
[내일 일정: 자격증 시험],오늘 뭐 해야 할까?,[좋아하는 꽃: 목련],내일 나들이 가는데 같이 갈래?,0.0
[내일 일정: 자격증 시험],오늘 뭐 해야 할까?,[좋아하는 가수: 아이유],로라야 노래 추천해 줘,0.0
[내일 일정: 자격증 시험],오늘 뭐 해야 할까?,[좋아하는 가수: 블랙핑크],로라야 나 노래 추천해 줄 수 있어?,0.0
[내일 일정: 자격증 시험],오늘 뭐 해야 할까?,[좋아하는 가수: 트와이스],나 노래 듣고 싶어!,0.0
[내일 일정: 자격증 시험],오늘 뭐 해야 할까?,[좋아하는 가수: 방탄소년단],노래 좀 추천해 줘~,0.0
[내일 일정: 자격증 시험],오늘 뭐 해야 할까?,[좋아하는 과목: 수학],로라야 미분방정식 어렵지 않아?,0.0
[내일 일정: 자격증 시험],오늘 뭐 해야 할까?,[좋아하는 과목: 국어],내일 국어 시험인데 떨린다!,0.0
[내일 일정: 자격증 시험],오늘 뭐 해야 할까?,[좋아하는 과목: 영어],내일 영어 말하기 대회야,0.0
[내일 일정: 자격증 시험],오늘 뭐 해야 할까?,[내일 일정: 여행],오늘 저녁때 친구 만나기로 했는데,1.0
[내일 일정: 자격증 시험],오늘 뭐 해야 할까?,[내일 일정: 면접],아 떨린다 오늘 어떻게 잠들지?,1.0
[내일 일정: 자격증 시험],오늘 뭐 해야 할까?,[내일 일정: 술 약속],모레 아침에 어떻게 출근하지?,1.0
[내일 일정: 자격증 시험],오늘 뭐 해야 할까?,[내일 일정: 회식],내일 친구랑 약속 취소해야 할까?,1.0
[내일 일정: 자격증 시험],오늘 뭐 해야 할까?,[내일 일정: 회식],나 술 약한데 어떡하지?,1.0
[내일 일정: 자격증 시험],오늘 뭐 해야 할까?,[내일 일정: 자격증 시험],오늘 뭐 해야 할까?,1.0
[내일 일정: 자격증 시험],오늘 뭐 해야 할까?,[내일 일정: 코딩 테스트],아 알고리즘 복습 좀 하고 자야겠다,1.0
[내일 일정: 자격증 시험],오늘 뭐 해야 할까?,[내일 일정: 추석 연휴],로라야 내일 뭐하지?,1.0
[내일 일정: 자격증 시험],오늘 뭐 해야 할까?,[오늘 일정: 발표],나 발표 잘 할 수 있을까?,0.3333
[내일 일정: 자격증 시험],오늘 뭐 해야 할까?,[오늘 일정: 발표],로라야 나 떨려,0.3333
[내일 일정: 자격증 시험],오늘 뭐 해야 할까?,[오늘 일정: 발표],나 응원해줘,0.3333
[내일 일정: 자격증 시험],오늘 뭐 해야 할까?,[오늘 일정: 면접],나 잘할 수 있겠지?,0.3333
[내일 일정: 자격증 시험],오늘 뭐 해야 할까?,[오늘 일정: 면접],아 떨린다,0.3333
[내일 일정: 자격증 시험],오늘 뭐 해야 할까?,[오늘 일정: 친구랑 술자리],아 오늘 이따 저녁때 기대된다,0.3333
[내일 일정: 자격증 시험],오늘 뭐 해야 할까?,[오늘 일정: 친구랑 치맥],오늘 뭐 입고 나갈까?,0.3333
[내일 일정: 자격증 시험],오늘 뭐 해야 할까?,[오늘 일정: 생일],로라야 안녕?,0.3333
[내일 일정: 코딩 테스트],아 알고리즘 복습 좀 하고 자야겠다,[롤 티어: 브론즈],나 롤 티어 올랐다!,0.0
[내일 일정: 코딩 테스트],아 알고리즘 복습 좀 하고 자야겠다,[오늘 날씨: 비],아 오늘 약속 있는데 어떡하지?,0.0
[내일 일정: 코딩 테스트],아 알고리즘 복습 좀 하고 자야겠다,[오늘 날씨: 비],로라야 이런 날에는 뭐 먹을까,0.0
[내일 일정: 코딩 테스트],아 알고리즘 복습 좀 하고 자야겠다,[오늘 날씨: 구름 조금],오늘 뭐하지,0.0
[내일 일정: 코딩 테스트],아 알고리즘 복습 좀 하고 자야겠다,[오늘 날씨: 구름 조금],오늘 뭐 하면 좋을까,0.0
[내일 일정: 코딩 테스트],아 알고리즘 복습 좀 하고 자야겠다,[오늘 날씨: 맑음],기분 좋은 날이네,0.0
[내일 일정: 코딩 테스트],아 알고리즘 복습 좀 하고 자야겠다,[오늘 날씨: 맑음],로라야 오늘 공원에 사람 많을까?,0.0
[내일 일정: 코딩 테스트],아 알고리즘 복습 좀 하고 자야겠다,[오늘 날씨: 흐림],아 오늘 나가지 말까?,0.0
[내일 일정: 코딩 테스트],아 알고리즘 복습 좀 하고 자야겠다,[오늘 날씨: 눈],오늘 출근길 어떡하지?,0.0
[내일 일정: 코딩 테스트],아 알고리즘 복습 좀 하고 자야겠다,[지금 있는 곳: 집],아 뭐 하지?,0.0
[내일 일정: 코딩 테스트],아 알고리즘 복습 좀 하고 자야겠다,[가고 싶은 곳: 카페],로라야 오 나 드디어 쿠폰 생겼어,0.0
[내일 일정: 코딩 테스트],아 알고리즘 복습 좀 하고 자야겠다,[먹고 싶은 음식: 돼지고기],로라야 나 드디어 고기 먹었어,0.0
[내일 일정: 코딩 테스트],아 알고리즘 복습 좀 하고 자야겠다,[먹고 있는 음식: 아메리카노],아 이제 살 것 같다,0.0
[내일 일정: 코딩 테스트],아 알고리즘 복습 좀 하고 자야겠다,[좋아하는 음식: 삼겹살],맛집 추천해 줘!,0.0
[내일 일정: 코딩 테스트],아 알고리즘 복습 좀 하고 자야겠다,[좋아하는 꽃: 벚꽃],로라야 나 내일 꽃놀이 간다,0.0
[내일 일정: 코딩 테스트],아 알고리즘 복습 좀 하고 자야겠다,[좋아하는 꽃: 개나리],나 내일 꽃 보러 간다! ㅎㅎ,0.0
[내일 일정: 코딩 테스트],아 알고리즘 복습 좀 하고 자야겠다,[좋아하는 꽃: 목련],내일 나들이 가는데 같이 갈래?,0.0
[내일 일정: 코딩 테스트],아 알고리즘 복습 좀 하고 자야겠다,[좋아하는 가수: 아이유],로라야 노래 추천해 줘,0.0
[내일 일정: 코딩 테스트],아 알고리즘 복습 좀 하고 자야겠다,[좋아하는 가수: 블랙핑크],로라야 나 노래 추천해 줄 수 있어?,0.0
[내일 일정: 코딩 테스트],아 알고리즘 복습 좀 하고 자야겠다,[좋아하는 가수: 트와이스],나 노래 듣고 싶어!,0.0
[내일 일정: 코딩 테스트],아 알고리즘 복습 좀 하고 자야겠다,[좋아하는 가수: 방탄소년단],노래 좀 추천해 줘~,0.0
[내일 일정: 코딩 테스트],아 알고리즘 복습 좀 하고 자야겠다,[좋아하는 과목: 수학],로라야 미분방정식 어렵지 않아?,0.0
[내일 일정: 코딩 테스트],아 알고리즘 복습 좀 하고 자야겠다,[좋아하는 과목: 국어],내일 국어 시험인데 떨린다!,0.0
[내일 일정: 코딩 테스트],아 알고리즘 복습 좀 하고 자야겠다,[좋아하는 과목: 영어],내일 영어 말하기 대회야,0.0
[내일 일정: 코딩 테스트],아 알고리즘 복습 좀 하고 자야겠다,[내일 일정: 여행],오늘 저녁때 친구 만나기로 했는데,1.0
[내일 일정: 코딩 테스트],아 알고리즘 복습 좀 하고 자야겠다,[내일 일정: 면접],아 떨린다 오늘 어떻게 잠들지?,1.0
[내일 일정: 코딩 테스트],아 알고리즘 복습 좀 하고 자야겠다,[내일 일정: 술 약속],모레 아침에 어떻게 출근하지?,1.0
[내일 일정: 코딩 테스트],아 알고리즘 복습 좀 하고 자야겠다,[내일 일정: 회식],내일 친구랑 약속 취소해야 할까?,1.0
[내일 일정: 코딩 테스트],아 알고리즘 복습 좀 하고 자야겠다,[내일 일정: 회식],나 술 약한데 어떡하지?,1.0
[내일 일정: 코딩 테스트],아 알고리즘 복습 좀 하고 자야겠다,[내일 일정: 자격증 시험],오늘 뭐 해야 할까?,1.0
[내일 일정: 코딩 테스트],아 알고리즘 복습 좀 하고 자야겠다,[내일 일정: 코딩 테스트],아 알고리즘 복습 좀 하고 자야겠다,1.0
[내일 일정: 코딩 테스트],아 알고리즘 복습 좀 하고 자야겠다,[내일 일정: 추석 연휴],로라야 내일 뭐하지?,1.0
[내일 일정: 코딩 테스트],아 알고리즘 복습 좀 하고 자야겠다,[오늘 일정: 발표],나 발표 잘 할 수 있을까?,0.3333
[내일 일정: 코딩 테스트],아 알고리즘 복습 좀 하고 자야겠다,[오늘 일정: 발표],로라야 나 떨려,0.3333
[내일 일정: 코딩 테스트],아 알고리즘 복습 좀 하고 자야겠다,[오늘 일정: 발표],나 응원해줘,0.3333
[내일 일정: 코딩 테스트],아 알고리즘 복습 좀 하고 자야겠다,[오늘 일정: 면접],나 잘할 수 있겠지?,0.3333
[내일 일정: 코딩 테스트],아 알고리즘 복습 좀 하고 자야겠다,[오늘 일정: 면접],아 떨린다,0.3333
[내일 일정: 코딩 테스트],아 알고리즘 복습 좀 하고 자야겠다,[오늘 일정: 친구랑 술자리],아 오늘 이따 저녁때 기대된다,0.3333
[내일 일정: 코딩 테스트],아 알고리즘 복습 좀 하고 자야겠다,[오늘 일정: 친구랑 치맥],오늘 뭐 입고 나갈까?,0.3333
[내일 일정: 코딩 테스트],아 알고리즘 복습 좀 하고 자야겠다,[오늘 일정: 생일],로라야 안녕?,0.3333
[내일 일정: 추석 연휴],로라야 내일 뭐하지?,[롤 티어: 브론즈],나 롤 티어 올랐다!,0.0
[내일 일정: 추석 연휴],로라야 내일 뭐하지?,[오늘 날씨: 비],아 오늘 약속 있는데 어떡하지?,0.0
[내일 일정: 추석 연휴],로라야 내일 뭐하지?,[오늘 날씨: 비],로라야 이런 날에는 뭐 먹을까,0.0
[내일 일정: 추석 연휴],로라야 내일 뭐하지?,[오늘 날씨: 구름 조금],오늘 뭐하지,0.0
[내일 일정: 추석 연휴],로라야 내일 뭐하지?,[오늘 날씨: 구름 조금],오늘 뭐 하면 좋을까,0.0
[내일 일정: 추석 연휴],로라야 내일 뭐하지?,[오늘 날씨: 맑음],기분 좋은 날이네,0.0
[내일 일정: 추석 연휴],로라야 내일 뭐하지?,[오늘 날씨: 맑음],로라야 오늘 공원에 사람 많을까?,0.0
[내일 일정: 추석 연휴],로라야 내일 뭐하지?,[오늘 날씨: 흐림],아 오늘 나가지 말까?,0.0
[내일 일정: 추석 연휴],로라야 내일 뭐하지?,[오늘 날씨: 눈],오늘 출근길 어떡하지?,0.0
[내일 일정: 추석 연휴],로라야 내일 뭐하지?,[지금 있는 곳: 집],아 뭐 하지?,0.0
[내일 일정: 추석 연휴],로라야 내일 뭐하지?,[가고 싶은 곳: 카페],로라야 오 나 드디어 쿠폰 생겼어,0.0
[내일 일정: 추석 연휴],로라야 내일 뭐하지?,[먹고 싶은 음식: 돼지고기],로라야 나 드디어 고기 먹었어,0.0
[내일 일정: 추석 연휴],로라야 내일 뭐하지?,[먹고 있는 음식: 아메리카노],아 이제 살 것 같다,0.0
[내일 일정: 추석 연휴],로라야 내일 뭐하지?,[좋아하는 음식: 삼겹살],맛집 추천해 줘!,0.0
[내일 일정: 추석 연휴],로라야 내일 뭐하지?,[좋아하는 꽃: 벚꽃],로라야 나 내일 꽃놀이 간다,0.0
[내일 일정: 추석 연휴],로라야 내일 뭐하지?,[좋아하는 꽃: 개나리],나 내일 꽃 보러 간다! ㅎㅎ,0.0
[내일 일정: 추석 연휴],로라야 내일 뭐하지?,[좋아하는 꽃: 목련],내일 나들이 가는데 같이 갈래?,0.0
[내일 일정: 추석 연휴],로라야 내일 뭐하지?,[좋아하는 가수: 아이유],로라야 노래 추천해 줘,0.0
[내일 일정: 추석 연휴],로라야 내일 뭐하지?,[좋아하는 가수: 블랙핑크],로라야 나 노래 추천해 줄 수 있어?,0.0
[내일 일정: 추석 연휴],로라야 내일 뭐하지?,[좋아하는 가수: 트와이스],나 노래 듣고 싶어!,0.0
[내일 일정: 추석 연휴],로라야 내일 뭐하지?,[좋아하는 가수: 방탄소년단],노래 좀 추천해 줘~,0.0
[내일 일정: 추석 연휴],로라야 내일 뭐하지?,[좋아하는 과목: 수학],로라야 미분방정식 어렵지 않아?,0.0
[내일 일정: 추석 연휴],로라야 내일 뭐하지?,[좋아하는 과목: 국어],내일 국어 시험인데 떨린다!,0.0
[내일 일정: 추석 연휴],로라야 내일 뭐하지?,[좋아하는 과목: 영어],내일 영어 말하기 대회야,0.0
[내일 일정: 추석 연휴],로라야 내일 뭐하지?,[내일 일정: 여행],오늘 저녁때 친구 만나기로 했는데,1.0
[내일 일정: 추석 연휴],로라야 내일 뭐하지?,[내일 일정: 면접],아 떨린다 오늘 어떻게 잠들지?,1.0
[내일 일정: 추석 연휴],로라야 내일 뭐하지?,[내일 일정: 술 약속],모레 아침에 어떻게 출근하지?,1.0
[내일 일정: 추석 연휴],로라야 내일 뭐하지?,[내일 일정: 회식],내일 친구랑 약속 취소해야 할까?,1.0
[내일 일정: 추석 연휴],로라야 내일 뭐하지?,[내일 일정: 회식],나 술 약한데 어떡하지?,1.0
[내일 일정: 추석 연휴],로라야 내일 뭐하지?,[내일 일정: 자격증 시험],오늘 뭐 해야 할까?,1.0
[내일 일정: 추석 연휴],로라야 내일 뭐하지?,[내일 일정: 코딩 테스트],아 알고리즘 복습 좀 하고 자야겠다,1.0
[내일 일정: 추석 연휴],로라야 내일 뭐하지?,[내일 일정: 추석 연휴],로라야 내일 뭐하지?,1.0
[내일 일정: 추석 연휴],로라야 내일 뭐하지?,[오늘 일정: 발표],나 발표 잘 할 수 있을까?,0.3333
[내일 일정: 추석 연휴],로라야 내일 뭐하지?,[오늘 일정: 발표],로라야 나 떨려,0.3333
[내일 일정: 추석 연휴],로라야 내일 뭐하지?,[오늘 일정: 발표],나 응원해줘,0.3333
[내일 일정: 추석 연휴],로라야 내일 뭐하지?,[오늘 일정: 면접],나 잘할 수 있겠지?,0.3333
[내일 일정: 추석 연휴],로라야 내일 뭐하지?,[오늘 일정: 면접],아 떨린다,0.3333
[내일 일정: 추석 연휴],로라야 내일 뭐하지?,[오늘 일정: 친구랑 술자리],아 오늘 이따 저녁때 기대된다,0.3333
[내일 일정: 추석 연휴],로라야 내일 뭐하지?,[오늘 일정: 친구랑 치맥],오늘 뭐 입고 나갈까?,0.3333
[내일 일정: 추석 연휴],로라야 내일 뭐하지?,[오늘 일정: 생일],로라야 안녕?,0.3333
[오늘 일정: 발표],나 발표 잘 할 수 있을까?,[롤 티어: 브론즈],나 롤 티어 올랐다!,0.0
[오늘 일정: 발표],나 발표 잘 할 수 있을까?,[오늘 날씨: 비],아 오늘 약속 있는데 어떡하지?,0.3333
[오늘 일정: 발표],나 발표 잘 할 수 있을까?,[오늘 날씨: 비],로라야 이런 날에는 뭐 먹을까,0.3333
[오늘 일정: 발표],나 발표 잘 할 수 있을까?,[오늘 날씨: 구름 조금],오늘 뭐하지,0.3333
[오늘 일정: 발표],나 발표 잘 할 수 있을까?,[오늘 날씨: 구름 조금],오늘 뭐 하면 좋을까,0.3333
[오늘 일정: 발표],나 발표 잘 할 수 있을까?,[오늘 날씨: 맑음],기분 좋은 날이네,0.3333
[오늘 일정: 발표],나 발표 잘 할 수 있을까?,[오늘 날씨: 맑음],로라야 오늘 공원에 사람 많을까?,0.3333
[오늘 일정: 발표],나 발표 잘 할 수 있을까?,[오늘 날씨: 흐림],아 오늘 나가지 말까?,0.3333
[오늘 일정: 발표],나 발표 잘 할 수 있을까?,[오늘 날씨: 눈],오늘 출근길 어떡하지?,0.3333
[오늘 일정: 발표],나 발표 잘 할 수 있을까?,[지금 있는 곳: 집],아 뭐 하지?,0.0
[오늘 일정: 발표],나 발표 잘 할 수 있을까?,[가고 싶은 곳: 카페],로라야 오 나 드디어 쿠폰 생겼어,0.0
[오늘 일정: 발표],나 발표 잘 할 수 있을까?,[먹고 싶은 음식: 돼지고기],로라야 나 드디어 고기 먹었어,0.0
[오늘 일정: 발표],나 발표 잘 할 수 있을까?,[먹고 있는 음식: 아메리카노],아 이제 살 것 같다,0.0
[오늘 일정: 발표],나 발표 잘 할 수 있을까?,[좋아하는 음식: 삼겹살],맛집 추천해 줘!,0.0
[오늘 일정: 발표],나 발표 잘 할 수 있을까?,[좋아하는 꽃: 벚꽃],로라야 나 내일 꽃놀이 간다,0.0
[오늘 일정: 발표],나 발표 잘 할 수 있을까?,[좋아하는 꽃: 개나리],나 내일 꽃 보러 간다! ㅎㅎ,0.0
[오늘 일정: 발표],나 발표 잘 할 수 있을까?,[좋아하는 꽃: 목련],내일 나들이 가는데 같이 갈래?,0.0
[오늘 일정: 발표],나 발표 잘 할 수 있을까?,[좋아하는 가수: 아이유],로라야 노래 추천해 줘,0.0
[오늘 일정: 발표],나 발표 잘 할 수 있을까?,[좋아하는 가수: 블랙핑크],로라야 나 노래 추천해 줄 수 있어?,0.0
[오늘 일정: 발표],나 발표 잘 할 수 있을까?,[좋아하는 가수: 트와이스],나 노래 듣고 싶어!,0.0
[오늘 일정: 발표],나 발표 잘 할 수 있을까?,[좋아하는 가수: 방탄소년단],노래 좀 추천해 줘~,0.0
[오늘 일정: 발표],나 발표 잘 할 수 있을까?,[좋아하는 과목: 수학],로라야 미분방정식 어렵지 않아?,0.0
[오늘 일정: 발표],나 발표 잘 할 수 있을까?,[좋아하는 과목: 국어],내일 국어 시험인데 떨린다!,0.0
[오늘 일정: 발표],나 발표 잘 할 수 있을까?,[좋아하는 과목: 영어],내일 영어 말하기 대회야,0.0
[오늘 일정: 발표],나 발표 잘 할 수 있을까?,[내일 일정: 여행],오늘 저녁때 친구 만나기로 했는데,0.3333
[오늘 일정: 발표],나 발표 잘 할 수 있을까?,[내일 일정: 면접],아 떨린다 오늘 어떻게 잠들지?,0.3333
[오늘 일정: 발표],나 발표 잘 할 수 있을까?,[내일 일정: 술 약속],모레 아침에 어떻게 출근하지?,0.3333
[오늘 일정: 발표],나 발표 잘 할 수 있을까?,[내일 일정: 회식],내일 친구랑 약속 취소해야 할까?,0.3333
[오늘 일정: 발표],나 발표 잘 할 수 있을까?,[내일 일정: 회식],나 술 약한데 어떡하지?,0.3333
[오늘 일정: 발표],나 발표 잘 할 수 있을까?,[내일 일정: 자격증 시험],오늘 뭐 해야 할까?,0.3333
[오늘 일정: 발표],나 발표 잘 할 수 있을까?,[내일 일정: 코딩 테스트],아 알고리즘 복습 좀 하고 자야겠다,0.3333
[오늘 일정: 발표],나 발표 잘 할 수 있을까?,[내일 일정: 추석 연휴],로라야 내일 뭐하지?,0.3333
[오늘 일정: 발표],나 발표 잘 할 수 있을까?,[오늘 일정: 발표],나 발표 잘 할 수 있을까?,1.0
[오늘 일정: 발표],나 발표 잘 할 수 있을까?,[오늘 일정: 발표],로라야 나 떨려,1.0
[오늘 일정: 발표],나 발표 잘 할 수 있을까?,[오늘 일정: 발표],나 응원해줘,1.0
[오늘 일정: 발표],나 발표 잘 할 수 있을까?,[오늘 일정: 면접],나 잘할 수 있겠지?,1.0
[오늘 일정: 발표],나 발표 잘 할 수 있을까?,[오늘 일정: 면접],아 떨린다,1.0
[오늘 일정: 발표],나 발표 잘 할 수 있을까?,[오늘 일정: 친구랑 술자리],아 오늘 이따 저녁때 기대된다,1.0
[오늘 일정: 발표],나 발표 잘 할 수 있을까?,[오늘 일정: 친구랑 치맥],오늘 뭐 입고 나갈까?,1.0
[오늘 일정: 발표],나 발표 잘 할 수 있을까?,[오늘 일정: 생일],로라야 안녕?,1.0
[오늘 일정: 발표],로라야 나 떨려,[롤 티어: 브론즈],나 롤 티어 올랐다!,0.0
[오늘 일정: 발표],로라야 나 떨려,[오늘 날씨: 비],아 오늘 약속 있는데 어떡하지?,0.3333
[오늘 일정: 발표],로라야 나 떨려,[오늘 날씨: 비],로라야 이런 날에는 뭐 먹을까,0.3333
[오늘 일정: 발표],로라야 나 떨려,[오늘 날씨: 구름 조금],오늘 뭐하지,0.3333
[오늘 일정: 발표],로라야 나 떨려,[오늘 날씨: 구름 조금],오늘 뭐 하면 좋을까,0.3333
[오늘 일정: 발표],로라야 나 떨려,[오늘 날씨: 맑음],기분 좋은 날이네,0.3333
[오늘 일정: 발표],로라야 나 떨려,[오늘 날씨: 맑음],로라야 오늘 공원에 사람 많을까?,0.3333
[오늘 일정: 발표],로라야 나 떨려,[오늘 날씨: 흐림],아 오늘 나가지 말까?,0.3333
[오늘 일정: 발표],로라야 나 떨려,[오늘 날씨: 눈],오늘 출근길 어떡하지?,0.3333
[오늘 일정: 발표],로라야 나 떨려,[지금 있는 곳: 집],아 뭐 하지?,0.0
[오늘 일정: 발표],로라야 나 떨려,[가고 싶은 곳: 카페],로라야 오 나 드디어 쿠폰 생겼어,0.0
[오늘 일정: 발표],로라야 나 떨려,[먹고 싶은 음식: 돼지고기],로라야 나 드디어 고기 먹었어,0.0
[오늘 일정: 발표],로라야 나 떨려,[먹고 있는 음식: 아메리카노],아 이제 살 것 같다,0.0
[오늘 일정: 발표],로라야 나 떨려,[좋아하는 음식: 삼겹살],맛집 추천해 줘!,0.0
[오늘 일정: 발표],로라야 나 떨려,[좋아하는 꽃: 벚꽃],로라야 나 내일 꽃놀이 간다,0.0
[오늘 일정: 발표],로라야 나 떨려,[좋아하는 꽃: 개나리],나 내일 꽃 보러 간다! ㅎㅎ,0.0
[오늘 일정: 발표],로라야 나 떨려,[좋아하는 꽃: 목련],내일 나들이 가는데 같이 갈래?,0.0
[오늘 일정: 발표],로라야 나 떨려,[좋아하는 가수: 아이유],로라야 노래 추천해 줘,0.0
[오늘 일정: 발표],로라야 나 떨려,[좋아하는 가수: 블랙핑크],로라야 나 노래 추천해 줄 수 있어?,0.0
[오늘 일정: 발표],로라야 나 떨려,[좋아하는 가수: 트와이스],나 노래 듣고 싶어!,0.0
[오늘 일정: 발표],로라야 나 떨려,[좋아하는 가수: 방탄소년단],노래 좀 추천해 줘~,0.0
[오늘 일정: 발표],로라야 나 떨려,[좋아하는 과목: 수학],로라야 미분방정식 어렵지 않아?,0.0
[오늘 일정: 발표],로라야 나 떨려,[좋아하는 과목: 국어],내일 국어 시험인데 떨린다!,0.0
[오늘 일정: 발표],로라야 나 떨려,[좋아하는 과목: 영어],내일 영어 말하기 대회야,0.0
[오늘 일정: 발표],로라야 나 떨려,[내일 일정: 여행],오늘 저녁때 친구 만나기로 했는데,0.3333
[오늘 일정: 발표],로라야 나 떨려,[내일 일정: 면접],아 떨린다 오늘 어떻게 잠들지?,0.3333
[오늘 일정: 발표],로라야 나 떨려,[내일 일정: 술 약속],모레 아침에 어떻게 출근하지?,0.3333
[오늘 일정: 발표],로라야 나 떨려,[내일 일정: 회식],내일 친구랑 약속 취소해야 할까?,0.3333
[오늘 일정: 발표],로라야 나 떨려,[내일 일정: 회식],나 술 약한데 어떡하지?,0.3333
[오늘 일정: 발표],로라야 나 떨려,[내일 일정: 자격증 시험],오늘 뭐 해야 할까?,0.3333
[오늘 일정: 발표],로라야 나 떨려,[내일 일정: 코딩 테스트],아 알고리즘 복습 좀 하고 자야겠다,0.3333
[오늘 일정: 발표],로라야 나 떨려,[내일 일정: 추석 연휴],로라야 내일 뭐하지?,0.3333
[오늘 일정: 발표],로라야 나 떨려,[오늘 일정: 발표],나 발표 잘 할 수 있을까?,1.0
[오늘 일정: 발표],로라야 나 떨려,[오늘 일정: 발표],로라야 나 떨려,1.0
[오늘 일정: 발표],로라야 나 떨려,[오늘 일정: 발표],나 응원해줘,1.0
[오늘 일정: 발표],로라야 나 떨려,[오늘 일정: 면접],나 잘할 수 있겠지?,1.0
[오늘 일정: 발표],로라야 나 떨려,[오늘 일정: 면접],아 떨린다,1.0
[오늘 일정: 발표],로라야 나 떨려,[오늘 일정: 친구랑 술자리],아 오늘 이따 저녁때 기대된다,1.0
[오늘 일정: 발표],로라야 나 떨려,[오늘 일정: 친구랑 치맥],오늘 뭐 입고 나갈까?,1.0
[오늘 일정: 발표],로라야 나 떨려,[오늘 일정: 생일],로라야 안녕?,1.0
[오늘 일정: 발표],나 응원해줘,[롤 티어: 브론즈],나 롤 티어 올랐다!,0.0
[오늘 일정: 발표],나 응원해줘,[오늘 날씨: 비],아 오늘 약속 있는데 어떡하지?,0.3333
[오늘 일정: 발표],나 응원해줘,[오늘 날씨: 비],로라야 이런 날에는 뭐 먹을까,0.3333
[오늘 일정: 발표],나 응원해줘,[오늘 날씨: 구름 조금],오늘 뭐하지,0.3333
[오늘 일정: 발표],나 응원해줘,[오늘 날씨: 구름 조금],오늘 뭐 하면 좋을까,0.3333
[오늘 일정: 발표],나 응원해줘,[오늘 날씨: 맑음],기분 좋은 날이네,0.3333
[오늘 일정: 발표],나 응원해줘,[오늘 날씨: 맑음],로라야 오늘 공원에 사람 많을까?,0.3333
[오늘 일정: 발표],나 응원해줘,[오늘 날씨: 흐림],아 오늘 나가지 말까?,0.3333
[오늘 일정: 발표],나 응원해줘,[오늘 날씨: 눈],오늘 출근길 어떡하지?,0.3333
[오늘 일정: 발표],나 응원해줘,[지금 있는 곳: 집],아 뭐 하지?,0.0
[오늘 일정: 발표],나 응원해줘,[가고 싶은 곳: 카페],로라야 오 나 드디어 쿠폰 생겼어,0.0
[오늘 일정: 발표],나 응원해줘,[먹고 싶은 음식: 돼지고기],로라야 나 드디어 고기 먹었어,0.0
[오늘 일정: 발표],나 응원해줘,[먹고 있는 음식: 아메리카노],아 이제 살 것 같다,0.0
[오늘 일정: 발표],나 응원해줘,[좋아하는 음식: 삼겹살],맛집 추천해 줘!,0.0
[오늘 일정: 발표],나 응원해줘,[좋아하는 꽃: 벚꽃],로라야 나 내일 꽃놀이 간다,0.0
[오늘 일정: 발표],나 응원해줘,[좋아하는 꽃: 개나리],나 내일 꽃 보러 간다! ㅎㅎ,0.0
[오늘 일정: 발표],나 응원해줘,[좋아하는 꽃: 목련],내일 나들이 가는데 같이 갈래?,0.0
[오늘 일정: 발표],나 응원해줘,[좋아하는 가수: 아이유],로라야 노래 추천해 줘,0.0
[오늘 일정: 발표],나 응원해줘,[좋아하는 가수: 블랙핑크],로라야 나 노래 추천해 줄 수 있어?,0.0
[오늘 일정: 발표],나 응원해줘,[좋아하는 가수: 트와이스],나 노래 듣고 싶어!,0.0
[오늘 일정: 발표],나 응원해줘,[좋아하는 가수: 방탄소년단],노래 좀 추천해 줘~,0.0
[오늘 일정: 발표],나 응원해줘,[좋아하는 과목: 수학],로라야 미분방정식 어렵지 않아?,0.0
[오늘 일정: 발표],나 응원해줘,[좋아하는 과목: 국어],내일 국어 시험인데 떨린다!,0.0
[오늘 일정: 발표],나 응원해줘,[좋아하는 과목: 영어],내일 영어 말하기 대회야,0.0
[오늘 일정: 발표],나 응원해줘,[내일 일정: 여행],오늘 저녁때 친구 만나기로 했는데,0.3333
[오늘 일정: 발표],나 응원해줘,[내일 일정: 면접],아 떨린다 오늘 어떻게 잠들지?,0.3333
[오늘 일정: 발표],나 응원해줘,[내일 일정: 술 약속],모레 아침에 어떻게 출근하지?,0.3333
[오늘 일정: 발표],나 응원해줘,[내일 일정: 회식],내일 친구랑 약속 취소해야 할까?,0.3333
[오늘 일정: 발표],나 응원해줘,[내일 일정: 회식],나 술 약한데 어떡하지?,0.3333
[오늘 일정: 발표],나 응원해줘,[내일 일정: 자격증 시험],오늘 뭐 해야 할까?,0.3333
[오늘 일정: 발표],나 응원해줘,[내일 일정: 코딩 테스트],아 알고리즘 복습 좀 하고 자야겠다,0.3333
[오늘 일정: 발표],나 응원해줘,[내일 일정: 추석 연휴],로라야 내일 뭐하지?,0.3333
[오늘 일정: 발표],나 응원해줘,[오늘 일정: 발표],나 발표 잘 할 수 있을까?,1.0
[오늘 일정: 발표],나 응원해줘,[오늘 일정: 발표],로라야 나 떨려,1.0
[오늘 일정: 발표],나 응원해줘,[오늘 일정: 발표],나 응원해줘,1.0
[오늘 일정: 발표],나 응원해줘,[오늘 일정: 면접],나 잘할 수 있겠지?,1.0
[오늘 일정: 발표],나 응원해줘,[오늘 일정: 면접],아 떨린다,1.0
[오늘 일정: 발표],나 응원해줘,[오늘 일정: 친구랑 술자리],아 오늘 이따 저녁때 기대된다,1.0
[오늘 일정: 발표],나 응원해줘,[오늘 일정: 친구랑 치맥],오늘 뭐 입고 나갈까?,1.0
[오늘 일정: 발표],나 응원해줘,[오늘 일정: 생일],로라야 안녕?,1.0
[오늘 일정: 면접],나 잘할 수 있겠지?,[롤 티어: 브론즈],나 롤 티어 올랐다!,0.0
[오늘 일정: 면접],나 잘할 수 있겠지?,[오늘 날씨: 비],아 오늘 약속 있는데 어떡하지?,0.3333
[오늘 일정: 면접],나 잘할 수 있겠지?,[오늘 날씨: 비],로라야 이런 날에는 뭐 먹을까,0.3333
[오늘 일정: 면접],나 잘할 수 있겠지?,[오늘 날씨: 구름 조금],오늘 뭐하지,0.3333
[오늘 일정: 면접],나 잘할 수 있겠지?,[오늘 날씨: 구름 조금],오늘 뭐 하면 좋을까,0.3333
[오늘 일정: 면접],나 잘할 수 있겠지?,[오늘 날씨: 맑음],기분 좋은 날이네,0.3333
[오늘 일정: 면접],나 잘할 수 있겠지?,[오늘 날씨: 맑음],로라야 오늘 공원에 사람 많을까?,0.3333
[오늘 일정: 면접],나 잘할 수 있겠지?,[오늘 날씨: 흐림],아 오늘 나가지 말까?,0.3333
[오늘 일정: 면접],나 잘할 수 있겠지?,[오늘 날씨: 눈],오늘 출근길 어떡하지?,0.3333
[오늘 일정: 면접],나 잘할 수 있겠지?,[지금 있는 곳: 집],아 뭐 하지?,0.0
[오늘 일정: 면접],나 잘할 수 있겠지?,[가고 싶은 곳: 카페],로라야 오 나 드디어 쿠폰 생겼어,0.0
[오늘 일정: 면접],나 잘할 수 있겠지?,[먹고 싶은 음식: 돼지고기],로라야 나 드디어 고기 먹었어,0.0
[오늘 일정: 면접],나 잘할 수 있겠지?,[먹고 있는 음식: 아메리카노],아 이제 살 것 같다,0.0
[오늘 일정: 면접],나 잘할 수 있겠지?,[좋아하는 음식: 삼겹살],맛집 추천해 줘!,0.0
[오늘 일정: 면접],나 잘할 수 있겠지?,[좋아하는 꽃: 벚꽃],로라야 나 내일 꽃놀이 간다,0.0
[오늘 일정: 면접],나 잘할 수 있겠지?,[좋아하는 꽃: 개나리],나 내일 꽃 보러 간다! ㅎㅎ,0.0
[오늘 일정: 면접],나 잘할 수 있겠지?,[좋아하는 꽃: 목련],내일 나들이 가는데 같이 갈래?,0.0
[오늘 일정: 면접],나 잘할 수 있겠지?,[좋아하는 가수: 아이유],로라야 노래 추천해 줘,0.0
[오늘 일정: 면접],나 잘할 수 있겠지?,[좋아하는 가수: 블랙핑크],로라야 나 노래 추천해 줄 수 있어?,0.0
[오늘 일정: 면접],나 잘할 수 있겠지?,[좋아하는 가수: 트와이스],나 노래 듣고 싶어!,0.0
[오늘 일정: 면접],나 잘할 수 있겠지?,[좋아하는 가수: 방탄소년단],노래 좀 추천해 줘~,0.0
[오늘 일정: 면접],나 잘할 수 있겠지?,[좋아하는 과목: 수학],로라야 미분방정식 어렵지 않아?,0.0
[오늘 일정: 면접],나 잘할 수 있겠지?,[좋아하는 과목: 국어],내일 국어 시험인데 떨린다!,0.0
[오늘 일정: 면접],나 잘할 수 있겠지?,[좋아하는 과목: 영어],내일 영어 말하기 대회야,0.0
[오늘 일정: 면접],나 잘할 수 있겠지?,[내일 일정: 여행],오늘 저녁때 친구 만나기로 했는데,0.3333
[오늘 일정: 면접],나 잘할 수 있겠지?,[내일 일정: 면접],아 떨린다 오늘 어떻게 잠들지?,0.3333
[오늘 일정: 면접],나 잘할 수 있겠지?,[내일 일정: 술 약속],모레 아침에 어떻게 출근하지?,0.3333
[오늘 일정: 면접],나 잘할 수 있겠지?,[내일 일정: 회식],내일 친구랑 약속 취소해야 할까?,0.3333
[오늘 일정: 면접],나 잘할 수 있겠지?,[내일 일정: 회식],나 술 약한데 어떡하지?,0.3333
[오늘 일정: 면접],나 잘할 수 있겠지?,[내일 일정: 자격증 시험],오늘 뭐 해야 할까?,0.3333
[오늘 일정: 면접],나 잘할 수 있겠지?,[내일 일정: 코딩 테스트],아 알고리즘 복습 좀 하고 자야겠다,0.3333
[오늘 일정: 면접],나 잘할 수 있겠지?,[내일 일정: 추석 연휴],로라야 내일 뭐하지?,0.3333
[오늘 일정: 면접],나 잘할 수 있겠지?,[오늘 일정: 발표],나 발표 잘 할 수 있을까?,1.0
[오늘 일정: 면접],나 잘할 수 있겠지?,[오늘 일정: 발표],로라야 나 떨려,1.0
[오늘 일정: 면접],나 잘할 수 있겠지?,[오늘 일정: 발표],나 응원해줘,1.0
[오늘 일정: 면접],나 잘할 수 있겠지?,[오늘 일정: 면접],나 잘할 수 있겠지?,1.0
[오늘 일정: 면접],나 잘할 수 있겠지?,[오늘 일정: 면접],아 떨린다,1.0
[오늘 일정: 면접],나 잘할 수 있겠지?,[오늘 일정: 친구랑 술자리],아 오늘 이따 저녁때 기대된다,1.0
[오늘 일정: 면접],나 잘할 수 있겠지?,[오늘 일정: 친구랑 치맥],오늘 뭐 입고 나갈까?,1.0
[오늘 일정: 면접],나 잘할 수 있겠지?,[오늘 일정: 생일],로라야 안녕?,1.0
[오늘 일정: 면접],아 떨린다,[롤 티어: 브론즈],나 롤 티어 올랐다!,0.0
[오늘 일정: 면접],아 떨린다,[오늘 날씨: 비],아 오늘 약속 있는데 어떡하지?,0.3333
[오늘 일정: 면접],아 떨린다,[오늘 날씨: 비],로라야 이런 날에는 뭐 먹을까,0.3333
[오늘 일정: 면접],아 떨린다,[오늘 날씨: 구름 조금],오늘 뭐하지,0.3333
[오늘 일정: 면접],아 떨린다,[오늘 날씨: 구름 조금],오늘 뭐 하면 좋을까,0.3333
[오늘 일정: 면접],아 떨린다,[오늘 날씨: 맑음],기분 좋은 날이네,0.3333
[오늘 일정: 면접],아 떨린다,[오늘 날씨: 맑음],로라야 오늘 공원에 사람 많을까?,0.3333
[오늘 일정: 면접],아 떨린다,[오늘 날씨: 흐림],아 오늘 나가지 말까?,0.3333
[오늘 일정: 면접],아 떨린다,[오늘 날씨: 눈],오늘 출근길 어떡하지?,0.3333
[오늘 일정: 면접],아 떨린다,[지금 있는 곳: 집],아 뭐 하지?,0.0
[오늘 일정: 면접],아 떨린다,[가고 싶은 곳: 카페],로라야 오 나 드디어 쿠폰 생겼어,0.0
[오늘 일정: 면접],아 떨린다,[먹고 싶은 음식: 돼지고기],로라야 나 드디어 고기 먹었어,0.0
[오늘 일정: 면접],아 떨린다,[먹고 있는 음식: 아메리카노],아 이제 살 것 같다,0.0
[오늘 일정: 면접],아 떨린다,[좋아하는 음식: 삼겹살],맛집 추천해 줘!,0.0
[오늘 일정: 면접],아 떨린다,[좋아하는 꽃: 벚꽃],로라야 나 내일 꽃놀이 간다,0.0
[오늘 일정: 면접],아 떨린다,[좋아하는 꽃: 개나리],나 내일 꽃 보러 간다! ㅎㅎ,0.0
[오늘 일정: 면접],아 떨린다,[좋아하는 꽃: 목련],내일 나들이 가는데 같이 갈래?,0.0
[오늘 일정: 면접],아 떨린다,[좋아하는 가수: 아이유],로라야 노래 추천해 줘,0.0
[오늘 일정: 면접],아 떨린다,[좋아하는 가수: 블랙핑크],로라야 나 노래 추천해 줄 수 있어?,0.0
[오늘 일정: 면접],아 떨린다,[좋아하는 가수: 트와이스],나 노래 듣고 싶어!,0.0
[오늘 일정: 면접],아 떨린다,[좋아하는 가수: 방탄소년단],노래 좀 추천해 줘~,0.0
[오늘 일정: 면접],아 떨린다,[좋아하는 과목: 수학],로라야 미분방정식 어렵지 않아?,0.0
[오늘 일정: 면접],아 떨린다,[좋아하는 과목: 국어],내일 국어 시험인데 떨린다!,0.0
[오늘 일정: 면접],아 떨린다,[좋아하는 과목: 영어],내일 영어 말하기 대회야,0.0
[오늘 일정: 면접],아 떨린다,[내일 일정: 여행],오늘 저녁때 친구 만나기로 했는데,0.3333
[오늘 일정: 면접],아 떨린다,[내일 일정: 면접],아 떨린다 오늘 어떻게 잠들지?,0.3333
[오늘 일정: 면접],아 떨린다,[내일 일정: 술 약속],모레 아침에 어떻게 출근하지?,0.3333
[오늘 일정: 면접],아 떨린다,[내일 일정: 회식],내일 친구랑 약속 취소해야 할까?,0.3333
[오늘 일정: 면접],아 떨린다,[내일 일정: 회식],나 술 약한데 어떡하지?,0.3333
[오늘 일정: 면접],아 떨린다,[내일 일정: 자격증 시험],오늘 뭐 해야 할까?,0.3333
[오늘 일정: 면접],아 떨린다,[내일 일정: 코딩 테스트],아 알고리즘 복습 좀 하고 자야겠다,0.3333
[오늘 일정: 면접],아 떨린다,[내일 일정: 추석 연휴],로라야 내일 뭐하지?,0.3333
[오늘 일정: 면접],아 떨린다,[오늘 일정: 발표],나 발표 잘 할 수 있을까?,1.0
[오늘 일정: 면접],아 떨린다,[오늘 일정: 발표],로라야 나 떨려,1.0
[오늘 일정: 면접],아 떨린다,[오늘 일정: 발표],나 응원해줘,1.0
[오늘 일정: 면접],아 떨린다,[오늘 일정: 면접],나 잘할 수 있겠지?,1.0
[오늘 일정: 면접],아 떨린다,[오늘 일정: 면접],아 떨린다,1.0
[오늘 일정: 면접],아 떨린다,[오늘 일정: 친구랑 술자리],아 오늘 이따 저녁때 기대된다,1.0
[오늘 일정: 면접],아 떨린다,[오늘 일정: 친구랑 치맥],오늘 뭐 입고 나갈까?,1.0
[오늘 일정: 면접],아 떨린다,[오늘 일정: 생일],로라야 안녕?,1.0
[오늘 일정: 친구랑 술자리],아 오늘 이따 저녁때 기대된다,[롤 티어: 브론즈],나 롤 티어 올랐다!,0.0
[오늘 일정: 친구랑 술자리],아 오늘 이따 저녁때 기대된다,[오늘 날씨: 비],아 오늘 약속 있는데 어떡하지?,0.3333
[오늘 일정: 친구랑 술자리],아 오늘 이따 저녁때 기대된다,[오늘 날씨: 비],로라야 이런 날에는 뭐 먹을까,0.3333
[오늘 일정: 친구랑 술자리],아 오늘 이따 저녁때 기대된다,[오늘 날씨: 구름 조금],오늘 뭐하지,0.3333
[오늘 일정: 친구랑 술자리],아 오늘 이따 저녁때 기대된다,[오늘 날씨: 구름 조금],오늘 뭐 하면 좋을까,0.3333
[오늘 일정: 친구랑 술자리],아 오늘 이따 저녁때 기대된다,[오늘 날씨: 맑음],기분 좋은 날이네,0.3333
[오늘 일정: 친구랑 술자리],아 오늘 이따 저녁때 기대된다,[오늘 날씨: 맑음],로라야 오늘 공원에 사람 많을까?,0.3333
[오늘 일정: 친구랑 술자리],아 오늘 이따 저녁때 기대된다,[오늘 날씨: 흐림],아 오늘 나가지 말까?,0.3333
[오늘 일정: 친구랑 술자리],아 오늘 이따 저녁때 기대된다,[오늘 날씨: 눈],오늘 출근길 어떡하지?,0.3333
[오늘 일정: 친구랑 술자리],아 오늘 이따 저녁때 기대된다,[지금 있는 곳: 집],아 뭐 하지?,0.0
[오늘 일정: 친구랑 술자리],아 오늘 이따 저녁때 기대된다,[가고 싶은 곳: 카페],로라야 오 나 드디어 쿠폰 생겼어,0.0
[오늘 일정: 친구랑 술자리],아 오늘 이따 저녁때 기대된다,[먹고 싶은 음식: 돼지고기],로라야 나 드디어 고기 먹었어,0.0
[오늘 일정: 친구랑 술자리],아 오늘 이따 저녁때 기대된다,[먹고 있는 음식: 아메리카노],아 이제 살 것 같다,0.0
[오늘 일정: 친구랑 술자리],아 오늘 이따 저녁때 기대된다,[좋아하는 음식: 삼겹살],맛집 추천해 줘!,0.0
[오늘 일정: 친구랑 술자리],아 오늘 이따 저녁때 기대된다,[좋아하는 꽃: 벚꽃],로라야 나 내일 꽃놀이 간다,0.0
[오늘 일정: 친구랑 술자리],아 오늘 이따 저녁때 기대된다,[좋아하는 꽃: 개나리],나 내일 꽃 보러 간다! ㅎㅎ,0.0
[오늘 일정: 친구랑 술자리],아 오늘 이따 저녁때 기대된다,[좋아하는 꽃: 목련],내일 나들이 가는데 같이 갈래?,0.0
[오늘 일정: 친구랑 술자리],아 오늘 이따 저녁때 기대된다,[좋아하는 가수: 아이유],로라야 노래 추천해 줘,0.0
[오늘 일정: 친구랑 술자리],아 오늘 이따 저녁때 기대된다,[좋아하는 가수: 블랙핑크],로라야 나 노래 추천해 줄 수 있어?,0.0
[오늘 일정: 친구랑 술자리],아 오늘 이따 저녁때 기대된다,[좋아하는 가수: 트와이스],나 노래 듣고 싶어!,0.0
[오늘 일정: 친구랑 술자리],아 오늘 이따 저녁때 기대된다,[좋아하는 가수: 방탄소년단],노래 좀 추천해 줘~,0.0
[오늘 일정: 친구랑 술자리],아 오늘 이따 저녁때 기대된다,[좋아하는 과목: 수학],로라야 미분방정식 어렵지 않아?,0.0
[오늘 일정: 친구랑 술자리],아 오늘 이따 저녁때 기대된다,[좋아하는 과목: 국어],내일 국어 시험인데 떨린다!,0.0
[오늘 일정: 친구랑 술자리],아 오늘 이따 저녁때 기대된다,[좋아하는 과목: 영어],내일 영어 말하기 대회야,0.0
[오늘 일정: 친구랑 술자리],아 오늘 이따 저녁때 기대된다,[내일 일정: 여행],오늘 저녁때 친구 만나기로 했는데,0.3333
[오늘 일정: 친구랑 술자리],아 오늘 이따 저녁때 기대된다,[내일 일정: 면접],아 떨린다 오늘 어떻게 잠들지?,0.3333
[오늘 일정: 친구랑 술자리],아 오늘 이따 저녁때 기대된다,[내일 일정: 술 약속],모레 아침에 어떻게 출근하지?,0.3333
[오늘 일정: 친구랑 술자리],아 오늘 이따 저녁때 기대된다,[내일 일정: 회식],내일 친구랑 약속 취소해야 할까?,0.3333
[오늘 일정: 친구랑 술자리],아 오늘 이따 저녁때 기대된다,[내일 일정: 회식],나 술 약한데 어떡하지?,0.3333
[오늘 일정: 친구랑 술자리],아 오늘 이따 저녁때 기대된다,[내일 일정: 자격증 시험],오늘 뭐 해야 할까?,0.3333
[오늘 일정: 친구랑 술자리],아 오늘 이따 저녁때 기대된다,[내일 일정: 코딩 테스트],아 알고리즘 복습 좀 하고 자야겠다,0.3333
[오늘 일정: 친구랑 술자리],아 오늘 이따 저녁때 기대된다,[내일 일정: 추석 연휴],로라야 내일 뭐하지?,0.3333
[오늘 일정: 친구랑 술자리],아 오늘 이따 저녁때 기대된다,[오늘 일정: 발표],나 발표 잘 할 수 있을까?,1.0
[오늘 일정: 친구랑 술자리],아 오늘 이따 저녁때 기대된다,[오늘 일정: 발표],로라야 나 떨려,1.0
[오늘 일정: 친구랑 술자리],아 오늘 이따 저녁때 기대된다,[오늘 일정: 발표],나 응원해줘,1.0
[오늘 일정: 친구랑 술자리],아 오늘 이따 저녁때 기대된다,[오늘 일정: 면접],나 잘할 수 있겠지?,1.0
[오늘 일정: 친구랑 술자리],아 오늘 이따 저녁때 기대된다,[오늘 일정: 면접],아 떨린다,1.0
[오늘 일정: 친구랑 술자리],아 오늘 이따 저녁때 기대된다,[오늘 일정: 친구랑 술자리],아 오늘 이따 저녁때 기대된다,1.0
[오늘 일정: 친구랑 술자리],아 오늘 이따 저녁때 기대된다,[오늘 일정: 친구랑 치맥],오늘 뭐 입고 나갈까?,1.0
[오늘 일정: 친구랑 술자리],아 오늘 이따 저녁때 기대된다,[오늘 일정: 생일],로라야 안녕?,1.0
[오늘 일정: 친구랑 치맥],오늘 뭐 입고 나갈까?,[롤 티어: 브론즈],나 롤 티어 올랐다!,0.0
[오늘 일정: 친구랑 치맥],오늘 뭐 입고 나갈까?,[오늘 날씨: 비],아 오늘 약속 있는데 어떡하지?,0.3333
[오늘 일정: 친구랑 치맥],오늘 뭐 입고 나갈까?,[오늘 날씨: 비],로라야 이런 날에는 뭐 먹을까,0.3333
[오늘 일정: 친구랑 치맥],오늘 뭐 입고 나갈까?,[오늘 날씨: 구름 조금],오늘 뭐하지,0.3333
[오늘 일정: 친구랑 치맥],오늘 뭐 입고 나갈까?,[오늘 날씨: 구름 조금],오늘 뭐 하면 좋을까,0.3333
[오늘 일정: 친구랑 치맥],오늘 뭐 입고 나갈까?,[오늘 날씨: 맑음],기분 좋은 날이네,0.3333
[오늘 일정: 친구랑 치맥],오늘 뭐 입고 나갈까?,[오늘 날씨: 맑음],로라야 오늘 공원에 사람 많을까?,0.3333
[오늘 일정: 친구랑 치맥],오늘 뭐 입고 나갈까?,[오늘 날씨: 흐림],아 오늘 나가지 말까?,0.3333
[오늘 일정: 친구랑 치맥],오늘 뭐 입고 나갈까?,[오늘 날씨: 눈],오늘 출근길 어떡하지?,0.3333
[오늘 일정: 친구랑 치맥],오늘 뭐 입고 나갈까?,[지금 있는 곳: 집],아 뭐 하지?,0.0
[오늘 일정: 친구랑 치맥],오늘 뭐 입고 나갈까?,[가고 싶은 곳: 카페],로라야 오 나 드디어 쿠폰 생겼어,0.0
[오늘 일정: 친구랑 치맥],오늘 뭐 입고 나갈까?,[먹고 싶은 음식: 돼지고기],로라야 나 드디어 고기 먹었어,0.0
[오늘 일정: 친구랑 치맥],오늘 뭐 입고 나갈까?,[먹고 있는 음식: 아메리카노],아 이제 살 것 같다,0.0
[오늘 일정: 친구랑 치맥],오늘 뭐 입고 나갈까?,[좋아하는 음식: 삼겹살],맛집 추천해 줘!,0.0
[오늘 일정: 친구랑 치맥],오늘 뭐 입고 나갈까?,[좋아하는 꽃: 벚꽃],로라야 나 내일 꽃놀이 간다,0.0
[오늘 일정: 친구랑 치맥],오늘 뭐 입고 나갈까?,[좋아하는 꽃: 개나리],나 내일 꽃 보러 간다! ㅎㅎ,0.0
[오늘 일정: 친구랑 치맥],오늘 뭐 입고 나갈까?,[좋아하는 꽃: 목련],내일 나들이 가는데 같이 갈래?,0.0
[오늘 일정: 친구랑 치맥],오늘 뭐 입고 나갈까?,[좋아하는 가수: 아이유],로라야 노래 추천해 줘,0.0
[오늘 일정: 친구랑 치맥],오늘 뭐 입고 나갈까?,[좋아하는 가수: 블랙핑크],로라야 나 노래 추천해 줄 수 있어?,0.0
[오늘 일정: 친구랑 치맥],오늘 뭐 입고 나갈까?,[좋아하는 가수: 트와이스],나 노래 듣고 싶어!,0.0
[오늘 일정: 친구랑 치맥],오늘 뭐 입고 나갈까?,[좋아하는 가수: 방탄소년단],노래 좀 추천해 줘~,0.0
[오늘 일정: 친구랑 치맥],오늘 뭐 입고 나갈까?,[좋아하는 과목: 수학],로라야 미분방정식 어렵지 않아?,0.0
[오늘 일정: 친구랑 치맥],오늘 뭐 입고 나갈까?,[좋아하는 과목: 국어],내일 국어 시험인데 떨린다!,0.0
[오늘 일정: 친구랑 치맥],오늘 뭐 입고 나갈까?,[좋아하는 과목: 영어],내일 영어 말하기 대회야,0.0
[오늘 일정: 친구랑 치맥],오늘 뭐 입고 나갈까?,[내일 일정: 여행],오늘 저녁때 친구 만나기로 했는데,0.3333
[오늘 일정: 친구랑 치맥],오늘 뭐 입고 나갈까?,[내일 일정: 면접],아 떨린다 오늘 어떻게 잠들지?,0.3333
[오늘 일정: 친구랑 치맥],오늘 뭐 입고 나갈까?,[내일 일정: 술 약속],모레 아침에 어떻게 출근하지?,0.3333
[오늘 일정: 친구랑 치맥],오늘 뭐 입고 나갈까?,[내일 일정: 회식],내일 친구랑 약속 취소해야 할까?,0.3333
[오늘 일정: 친구랑 치맥],오늘 뭐 입고 나갈까?,[내일 일정: 회식],나 술 약한데 어떡하지?,0.3333
[오늘 일정: 친구랑 치맥],오늘 뭐 입고 나갈까?,[내일 일정: 자격증 시험],오늘 뭐 해야 할까?,0.3333
[오늘 일정: 친구랑 치맥],오늘 뭐 입고 나갈까?,[내일 일정: 코딩 테스트],아 알고리즘 복습 좀 하고 자야겠다,0.3333
[오늘 일정: 친구랑 치맥],오늘 뭐 입고 나갈까?,[내일 일정: 추석 연휴],로라야 내일 뭐하지?,0.3333
[오늘 일정: 친구랑 치맥],오늘 뭐 입고 나갈까?,[오늘 일정: 발표],나 발표 잘 할 수 있을까?,1.0
[오늘 일정: 친구랑 치맥],오늘 뭐 입고 나갈까?,[오늘 일정: 발표],로라야 나 떨려,1.0
[오늘 일정: 친구랑 치맥],오늘 뭐 입고 나갈까?,[오늘 일정: 발표],나 응원해줘,1.0
[오늘 일정: 친구랑 치맥],오늘 뭐 입고 나갈까?,[오늘 일정: 면접],나 잘할 수 있겠지?,1.0
[오늘 일정: 친구랑 치맥],오늘 뭐 입고 나갈까?,[오늘 일정: 면접],아 떨린다,1.0
[오늘 일정: 친구랑 치맥],오늘 뭐 입고 나갈까?,[오늘 일정: 친구랑 술자리],아 오늘 이따 저녁때 기대된다,1.0
[오늘 일정: 친구랑 치맥],오늘 뭐 입고 나갈까?,[오늘 일정: 친구랑 치맥],오늘 뭐 입고 나갈까?,1.0
[오늘 일정: 친구랑 치맥],오늘 뭐 입고 나갈까?,[오늘 일정: 생일],로라야 안녕?,1.0
[오늘 일정: 생일],로라야 안녕?,[롤 티어: 브론즈],나 롤 티어 올랐다!,0.0
[오늘 일정: 생일],로라야 안녕?,[오늘 날씨: 비],아 오늘 약속 있는데 어떡하지?,0.3333
[오늘 일정: 생일],로라야 안녕?,[오늘 날씨: 비],로라야 이런 날에는 뭐 먹을까,0.3333
[오늘 일정: 생일],로라야 안녕?,[오늘 날씨: 구름 조금],오늘 뭐하지,0.3333
[오늘 일정: 생일],로라야 안녕?,[오늘 날씨: 구름 조금],오늘 뭐 하면 좋을까,0.3333
[오늘 일정: 생일],로라야 안녕?,[오늘 날씨: 맑음],기분 좋은 날이네,0.3333
[오늘 일정: 생일],로라야 안녕?,[오늘 날씨: 맑음],로라야 오늘 공원에 사람 많을까?,0.3333
[오늘 일정: 생일],로라야 안녕?,[오늘 날씨: 흐림],아 오늘 나가지 말까?,0.3333
[오늘 일정: 생일],로라야 안녕?,[오늘 날씨: 눈],오늘 출근길 어떡하지?,0.3333
[오늘 일정: 생일],로라야 안녕?,[지금 있는 곳: 집],아 뭐 하지?,0.0
[오늘 일정: 생일],로라야 안녕?,[가고 싶은 곳: 카페],로라야 오 나 드디어 쿠폰 생겼어,0.0
[오늘 일정: 생일],로라야 안녕?,[먹고 싶은 음식: 돼지고기],로라야 나 드디어 고기 먹었어,0.0
[오늘 일정: 생일],로라야 안녕?,[먹고 있는 음식: 아메리카노],아 이제 살 것 같다,0.0
[오늘 일정: 생일],로라야 안녕?,[좋아하는 음식: 삼겹살],맛집 추천해 줘!,0.0
[오늘 일정: 생일],로라야 안녕?,[좋아하는 꽃: 벚꽃],로라야 나 내일 꽃놀이 간다,0.0
[오늘 일정: 생일],로라야 안녕?,[좋아하는 꽃: 개나리],나 내일 꽃 보러 간다! ㅎㅎ,0.0
[오늘 일정: 생일],로라야 안녕?,[좋아하는 꽃: 목련],내일 나들이 가는데 같이 갈래?,0.0
[오늘 일정: 생일],로라야 안녕?,[좋아하는 가수: 아이유],로라야 노래 추천해 줘,0.0
[오늘 일정: 생일],로라야 안녕?,[좋아하는 가수: 블랙핑크],로라야 나 노래 추천해 줄 수 있어?,0.0
[오늘 일정: 생일],로라야 안녕?,[좋아하는 가수: 트와이스],나 노래 듣고 싶어!,0.0
[오늘 일정: 생일],로라야 안녕?,[좋아하는 가수: 방탄소년단],노래 좀 추천해 줘~,0.0
[오늘 일정: 생일],로라야 안녕?,[좋아하는 과목: 수학],로라야 미분방정식 어렵지 않아?,0.0
[오늘 일정: 생일],로라야 안녕?,[좋아하는 과목: 국어],내일 국어 시험인데 떨린다!,0.0
[오늘 일정: 생일],로라야 안녕?,[좋아하는 과목: 영어],내일 영어 말하기 대회야,0.0
[오늘 일정: 생일],로라야 안녕?,[내일 일정: 여행],오늘 저녁때 친구 만나기로 했는데,0.3333
[오늘 일정: 생일],로라야 안녕?,[내일 일정: 면접],아 떨린다 오늘 어떻게 잠들지?,0.3333
[오늘 일정: 생일],로라야 안녕?,[내일 일정: 술 약속],모레 아침에 어떻게 출근하지?,0.3333
[오늘 일정: 생일],로라야 안녕?,[내일 일정: 회식],내일 친구랑 약속 취소해야 할까?,0.3333
[오늘 일정: 생일],로라야 안녕?,[내일 일정: 회식],나 술 약한데 어떡하지?,0.3333
[오늘 일정: 생일],로라야 안녕?,[내일 일정: 자격증 시험],오늘 뭐 해야 할까?,0.3333
[오늘 일정: 생일],로라야 안녕?,[내일 일정: 코딩 테스트],아 알고리즘 복습 좀 하고 자야겠다,0.3333
[오늘 일정: 생일],로라야 안녕?,[내일 일정: 추석 연휴],로라야 내일 뭐하지?,0.3333
[오늘 일정: 생일],로라야 안녕?,[오늘 일정: 발표],나 발표 잘 할 수 있을까?,1.0
[오늘 일정: 생일],로라야 안녕?,[오늘 일정: 발표],로라야 나 떨려,1.0
[오늘 일정: 생일],로라야 안녕?,[오늘 일정: 발표],나 응원해줘,1.0
[오늘 일정: 생일],로라야 안녕?,[오늘 일정: 면접],나 잘할 수 있겠지?,1.0
[오늘 일정: 생일],로라야 안녕?,[오늘 일정: 면접],아 떨린다,1.0
[오늘 일정: 생일],로라야 안녕?,[오늘 일정: 친구랑 술자리],아 오늘 이따 저녁때 기대된다,1.0
[오늘 일정: 생일],로라야 안녕?,[오늘 일정: 친구랑 치맥],오늘 뭐 입고 나갈까?,1.0
[오늘 일정: 생일],로라야 안녕?,[오늘 일정: 생일],로라야 안녕?,1.0
